,date,maxcounter
19950727,2,2
19950728,89,89
19950729,18,18
19950730,20,20
19950731,55,55
19950801,12,12
19950802,18,18
19950803,11,11
19950804,24,24
19950805,177,177
19950806,130,130
19950807,43,43
19950808,12,12
19950809,18,18
19950810,21,21
19950811,34,34
19950812,155,155
19950813,218,218
19950814,86,86
19950815,17,17
19950816,36,36
19950817,19,19
19950818,14,14
19950819,24,24
19950820,136,136
19950821,272,272
19950822,51,51
19950823,59,59
19950824,32,32
19950825,32,32
19950826,426,426
19950827,90,90
19950828,136,136
19950829,121,121
19950830,112,112
19950831,166,166
19950901,195,195
19950902,322,322
19950903,258,258
19950904,133,133
19950905,39,39
19950906,60,60
19950907,30,30
19950908,40,40
19950909,30,30
19950910,19,19
19950911,7,7
19950912,36,36
19950913,30,30
19950914,9,9
19950915,8,8
19950916,61,61
19950917,181,181
19950918,24,24
19950919,20,20
19950920,15,15
19950921,95,95
19951011,0,0
19951013,9,9
19951016,35,35
19951023,65,65
19951107,52,52
19951108,34,34
19951109,40,40
19951110,29,29
19951111,34,34
19951112,106,106
19951113,193,193
19951114,378,378
19951115,821,821
19951201,41,41
19951202,41,41
19951203,77,77
19951204,56,56
19951205,30,30
19951206,387,387
19951207,618,618
19951208,267,267
19951209,143,143
19951210,25,25
19951211,6,6
19951212,12,12
19951213,32,32
19951214,42,42
19951215,12,12
19951216,16,16
19951217,42,42
19951218,35,35
19951219,27,27
19951220,29,29
19951221,68,68
19951222,52,52
19951223,35,35
19951224,29,29
19951225,52,52
19951226,217,217
19951227,27,27
19951228,15,15
19951229,22,22
19951230,18,18
19951231,9,9
19960101,50,50
19960102,22,22
19960103,21,21
19960104,20,20
19960105,18,18
19960106,346,346
19960107,71,71
19960108,74,74
19960109,69,69
19960110,22,22
19960111,25,25
19960112,247,247
19960113,334,334
19960114,44,44
19960115,69,69
19960116,24,24
19960117,13,13
19960118,29,29
19960119,66,66
19960120,86,86
19960121,106,106
19960122,94,94
19960123,131,131
19960124,110,110
19960125,6,6
19960126,394,394
19960127,1159,1159
19960128,30,30
19960129,68,68
19960130,22,22
19960131,28,28
19960725,149,149
19960201,135,135
19960202,12,12
19960203,25,25
19960204,44,44
19960205,37,37
19960206,9,9
19960208,0,0
19960209,15,15
19960210,3,3
19960215,10,10
19960223,7,7
19960226,13,13
19960228,14,14
19960726,132,132
19960301,13,13
19960302,18,18
19960305,42,42
19960306,11,11
19960307,17,17
19960308,35,35
19960309,17,17
19960311,12,12
19960312,56,56
19960314,47,47
19960315,29,29
19960316,27,27
19960317,16,16
19960318,24,24
19960319,29,29
19960320,42,42
19960321,9,9
19960322,0,0
19960323,36,36
19960324,24,24
19960325,81,81
19960326,153,153
19960327,84,84
19960328,42,42
19960329,27,27
19960330,37,37
19960331,32,32
19960401,36,36
19960402,61,61
19960403,27,27
19960404,205,205
19960405,179,179
19960406,29,29
19960407,19,19
19960408,161,161
19960409,16,16
19960410,405,405
19960420,715,715
19960421,396,396
19960422,396,396
19960423,611,611
19960424,508,508
19960425,512,512
19960426,829,829
19960427,369,369
19960428,76,76
19960429,103,103
19960430,51,51
19960501,40,40
19960502,133,133
19960503,410,410
19960504,47,47
19960505,76,76
19960506,69,69
19960507,72,72
19960508,97,97
19960509,94,94
19960510,115,115
19960511,67,67
19960512,119,119
19960513,144,144
19960514,167,167
19960515,244,244
19960516,93,93
19960517,45,45
19960518,41,41
19960519,62,62
19960520,62,62
19960521,73,73
19960522,67,67
19960523,77,77
19960524,71,71
19960525,129,129
19960526,135,135
19960527,108,108
19960528,103,103
19960529,99,99
19960530,46,46
19960531,311,311
19960601,425,425
19960602,386,386
19960603,53,53
19960604,74,74
19960605,83,83
19960606,54,54
19960607,39,39
19960608,54,54
19960609,70,70
19960610,122,122
19960611,85,85
19960612,59,59
19960613,78,78
19960614,199,199
19960615,255,255
19960616,181,181
19960617,129,129
19960618,95,95
19960619,95,95
19960620,69,69
19960621,63,63
19960622,62,62
19960623,76,76
19960624,80,80
19960625,59,59
19960626,88,88
19960627,96,96
19960628,74,74
19960629,62,62
19960630,63,63
19960701,82,82
19960702,104,104
19960703,55,55
19960704,72,72
19960705,53,53
19960706,61,61
19960707,26,26
19960708,12,12
19960709,28,28
19960710,38,38
19960711,42,42
19960712,39,39
19960713,52,52
19960714,50,50
19960715,46,46
19960716,49,49
19960717,49,49
19960718,43,43
19960719,46,46
19960720,105,105
19960721,226,226
19960722,264,264
19960723,85,85
19960724,33,33
19960727,69,69
19960728,115,115
19960729,192,192
19960730,226,226
19960731,238,238
19960801,153,153
19960802,307,307
19960803,289,289
19960804,294,294
19960805,296,296
19960806,196,196
19960807,261,261
19960808,271,271
19960809,277,277
19960810,189,189
19960811,290,290
19960812,98,98
19960813,170,170
19960814,152,152
19960815,140,140
19960816,95,95
19960817,129,129
19960818,97,97
19960819,229,229
19960820,224,224
19960821,246,246
19960822,90,90
19960823,53,53
19960824,44,44
19960825,94,94
19960826,70,70
19960827,31,31
19960828,98,98
19960829,74,74
19960830,133,133
19960831,114,114
19960901,178,178
19960902,106,106
19960903,228,228
19960904,226,226
19960905,133,133
19960906,288,288
19960907,161,161
19960908,87,87
19960909,277,277
19960910,208,208
19960911,275,275
19960912,100,100
19960913,176,176
19960914,158,158
19960915,223,223
19960916,183,183
19960917,130,130
19960918,70,70
19960919,39,39
19960920,45,45
19960921,15,15
19960922,54,54
19960923,10,10
19960924,13,13
19960925,22,22
19960926,43,43
19960927,92,92
19960928,201,201
19960929,109,109
19960930,65,65
19961001,34,34
19961002,23,23
19961003,39,39
19961004,52,52
19961005,63,63
19961006,28,28
19961007,30,30
19961008,32,32
19961009,24,24
19961010,20,20
19961011,7,7
19961012,13,13
19961013,13,13
19961014,12,12
19961015,14,14
19961016,15,15
19961017,21,21
19961018,53,53
19961019,20,20
19961020,20,20
19961021,50,50
19961022,35,35
19961023,20,20
19961024,30,30
19961025,26,26
19961026,101,101
19961027,33,33
19961028,5,5
19961029,32,32
19961030,42,42
19961031,11,11
19961101,133,133
19961102,333,333
19961103,19,19
19961104,217,217
19961105,169,169
19961106,44,44
19961107,9,9
19961108,5,5
19961109,36,36
19961110,124,124
19961111,72,72
19961112,11,11
19961113,7,7
19961114,54,54
19961115,10,10
19961116,8,8
19961117,7,7
19961118,6,6
19961119,24,24
19961120,38,38
19961121,53,53
19961122,17,17
19961123,18,18
19961124,24,24
19961125,6,6
19961126,60,60
19961127,56,56
19961128,20,20
19961129,11,11
19961130,79,79
19961201,206,206
19961202,215,215
19961203,302,302
19961204,334,334
19961205,342,342
19961206,199,199
19961207,197,197
19961208,54,54
19961209,128,128
19961210,231,231
19961211,52,52
19961212,4,4
19961213,2,2
19961214,3,3
19961215,46,46
19961216,26,26
19961217,44,44
19961218,20,20
19961219,84,84
19961220,99,99
19961221,80,80
19961222,138,138
19961223,79,79
19961224,98,98
19961225,198,198
19961226,184,184
19961227,221,221
19961228,248,248
19961229,140,140
19961230,101,101
19961231,76,76
19970101,104,104
19970102,141,141
19970103,155,155
19970104,136,136
19970105,74,74
19970106,138,138
19970107,158,158
19970108,218,218
19970109,196,196
19970110,125,125
19970111,92,92
19970112,66,66
19970113,226,226
19970114,144,144
19970115,70,70
19970116,82,82
19970117,73,73
19970118,122,122
19970119,114,114
19970120,90,90
19970121,59,59
19970122,127,127
19970123,83,83
19970124,92,92
19970125,57,57
19970126,93,93
19970127,141,141
19970128,37,37
19970129,89,89
19970130,103,103
19970131,34,34
19970201,73,73
19970202,178,178
19970203,180,180
19970204,66,66
19970205,222,222
19970206,128,128
19970207,191,191
19970208,311,311
19970209,114,114
19970210,128,128
19970211,165,165
19970212,193,193
19970213,151,151
19970214,60,60
19970215,61,61
19970216,109,109
19970217,55,55
19970218,152,152
19970219,96,96
19970220,431,431
19970221,221,221
19970222,237,237
19970223,107,107
19970224,88,88
19970225,46,46
19970226,105,105
19970227,130,130
19970228,52,52
19970301,182,182
19970302,140,140
19970303,39,39
19970304,96,96
19970305,42,42
19970306,48,48
19970307,50,50
19970308,28,28
19970309,92,92
19970310,130,130
19970311,127,127
19970312,146,146
19970313,27,27
19970314,237,237
19970315,11,11
19970316,16,16
19970317,190,190
19970318,59,59
19970319,149,149
19970401,105,105
19970402,100,100
19970403,137,137
19970404,75,75
19970405,62,62
19970406,28,28
19970407,46,46
19970408,35,35
19970409,32,32
19970410,35,35
19970411,55,55
19970412,108,108
19970413,29,29
19970414,29,29
19970415,120,120
19970416,40,40
19970417,29,29
19970418,45,45
19970419,20,20
19970420,22,22
19970421,35,35
19970422,81,81
19970423,98,98
19970424,92,92
19970425,67,67
19970426,55,55
19970427,70,70
19970428,66,66
19970429,50,50
19970430,48,48
19970503,81,81
19970504,68,68
19970505,109,109
19970506,87,87
19970507,70,70
19970508,80,80
19970509,49,49
19970510,72,72
19970511,78,78
19970512,84,84
19970513,87,87
19970514,159,159
19970515,77,77
19970516,92,92
19970517,65,65
19970518,126,126
19970523,222,222
19970524,128,128
19970525,101,101
19970526,139,139
19970527,140,140
19970528,60,60
19970529,44,44
19970530,44,44
19970531,67,67
19970618,16,16
19970623,405,405
19970624,279,279
19970625,137,137
19970626,64,64
19970627,48,48
19970630,75,75
19970701,39,39
19970702,116,116
19970703,84,84
19970704,47,47
19970705,124,124
19970706,46,46
19970707,117,117
19970708,18,18
19970709,54,54
19970710,16,16
19970711,42,42
19970712,68,68
19970713,7,7
19970714,20,20
19970715,30,30
19970716,37,37
19970717,40,40
19970718,69,69
19970719,68,68
19970720,20,20
19970721,27,27
19970722,19,19
19970723,13,13
19970724,10,10
19970725,15,15
19970726,15,15
19970727,20,20
19970728,5,5
19970729,97,97
19970730,114,114
19970731,127,127
19970801,172,172
19970802,208,208
19970803,251,251
19970804,194,194
19970805,156,156
19970806,160,160
19970807,176,176
19970808,227,227
19970809,209,209
19970810,411,411
19970811,258,258
19970812,248,248
19970813,582,582
19970814,292,292
19970815,211,211
19970816,202,202
19970817,105,105
19970818,179,179
19970819,167,167
19970820,121,121
19970821,187,187
19970822,169,169
19970823,123,123
19970824,149,149
19970825,253,253
19970826,160,160
19970827,150,150
19970828,68,68
19970829,186,186
19970830,89,89
19970831,126,126
19970901,106,106
19970902,78,78
19970903,76,76
19970904,58,58
19970905,132,132
19970906,85,85
19970907,135,135
19970908,34,34
19970909,126,126
19970910,88,88
19970911,46,46
19970912,79,79
19970913,100,100
19970914,159,159
19970915,59,59
19970916,88,88
19970917,77,77
19970918,68,68
19970919,78,78
19970920,86,86
19970921,191,191
19970922,150,150
19970923,126,126
19970924,167,167
19970925,199,199
19970926,199,199
19970927,171,171
19970928,112,112
19970929,74,74
19970930,105,105
19971001,70,70
19971002,22,22
19971003,37,37
19971004,24,24
19971005,424,424
19971006,42,42
19971007,74,74
19971008,38,38
19971009,42,42
19971010,24,24
19971011,57,57
19971012,96,96
19971013,7,7
19971014,32,32
19971015,9,9
19971016,20,20
19971017,18,18
19971018,44,44
19971019,206,206
19971020,131,131
19971021,72,72
19971022,226,226
19971023,74,74
19971024,82,82
19971025,98,98
19971026,215,215
19971027,706,706
19971028,1055,1055
19971029,446,446
19971030,359,359
19971031,365,365
19971101,238,238
19971102,449,449
19971103,248,248
19971104,580,580
19971105,282,282
19971106,120,120
19971107,93,93
19971108,736,736
19971109,735,735
19971110,480,480
19971111,140,140
19971112,276,276
19971113,27,27
19971114,39,39
19971115,29,29
19971116,94,94
19971117,87,87
19971118,116,116
19971119,140,140
19971120,151,151
19971121,252,252
19971122,83,83
19971123,107,107
19971124,144,144
19971125,228,228
19971126,202,202
19971127,261,261
19971128,212,212
19971129,251,251
19971130,213,213
19971201,283,283
19971202,416,416
19971203,325,325
19971204,233,233
19971205,441,441
19971206,1295,1295
19971207,1282,1282
19971208,976,976
19971209,517,517
19971210,609,609
19971211,506,506
19971212,474,474
19971213,427,427
19971214,361,361
19971215,329,329
19971216,433,433
19971217,421,421
19971218,494,494
19971219,395,395
19971220,267,267
19971221,208,208
19971222,317,317
19971223,305,305
19971224,335,335
19971225,465,465
19980703,93,93
19980101,184,184
19980102,158,158
19980103,67,67
19980104,64,64
19980105,140,140
19980106,81,81
19980107,115,115
19980108,129,129
19980109,117,117
19980110,149,149
19980111,148,148
19980115,155,155
19980116,161,161
19980117,150,150
19980118,168,168
19980119,236,236
19980122,144,144
19980123,61,61
19980124,160,160
19980125,76,76
19980126,55,55
19980127,99,99
19980128,111,111
19980129,129,129
19980130,167,167
19980131,120,120
19980201,51,51
19980202,44,44
19980203,91,91
19980204,167,167
19980205,118,118
19980206,39,39
19980207,83,83
19980208,124,124
19980209,122,122
19980210,124,124
19980211,153,153
19980212,94,94
19980213,69,69
19980214,102,102
19980215,105,105
19980216,72,72
19980217,97,97
19980218,88,88
19980219,25,25
19980220,25,25
19980221,265,265
19980222,153,153
19980223,123,123
19980224,175,175
19980225,123,123
19980226,119,119
19980227,84,84
19980228,125,125
19980301,23,23
19980302,46,46
19980303,38,38
19980304,21,21
19980305,19,19
19980306,33,33
19980307,18,18
19980308,19,19
19980309,1,1
19980310,11,11
19980311,9,9
19980312,18,18
19980313,25,25
19980314,3,3
19980315,4,4
19980316,0,0
19980317,15,15
19980318,12,12
19980319,7,7
19980320,11,11
19980321,13,13
19980322,14,14
19980323,20,20
19980324,26,26
19980325,11,11
19980326,6,6
19980327,1,1
19980328,5,5
19980329,7,7
19980330,16,16
19980331,9,9
19980401,10,10
19980402,18,18
19980403,17,17
19980404,12,12
19980405,18,18
19980406,13,13
19980407,11,11
19980408,20,20
19980409,47,47
19980410,17,17
19980411,11,11
19980412,35,35
19980413,28,28
19980414,13,13
19980415,9,9
19980416,18,18
19980417,19,19
19980418,7,7
19980419,16,16
19980420,28,28
19980421,15,15
19980422,2,2
19980423,8,8
19980424,7,7
19980425,16,16
19980426,27,27
19980427,16,16
19980428,19,19
19980429,13,13
19980430,2,2
19980501,10,10
19980502,22,22
19980503,29,29
19980504,9,9
19980505,14,14
19980506,22,22
19980507,12,12
19980508,30,30
19980509,7,7
19980510,10,10
19980511,27,27
19980512,24,24
19980513,7,7
19980514,16,16
19980515,13,13
19980516,78,78
19980517,15,15
19980518,20,20
19980519,23,23
19980520,26,26
19980521,15,15
19980522,27,27
19980523,35,35
19980524,6,6
19980525,32,32
19980526,61,61
19980527,5,5
19980528,18,18
19980529,56,56
19980530,16,16
19980531,4,4
19980601,4,4
19980602,11,11
19980603,22,22
19980604,36,36
19980605,38,38
19980606,4,4
19980607,13,13
19980608,9,9
19980609,12,12
19980610,14,14
19980611,3,3
19980612,3,3
19980613,135,135
19980614,47,47
19980615,134,134
19980616,57,57
19980617,21,21
19980618,24,24
19980619,17,17
19980620,10,10
19980621,63,63
19980622,58,58
19980623,12,12
19980624,12,12
19980625,55,55
19980626,8,8
19980627,5,5
19980628,5,5
19980629,8,8
19980630,26,26
19980701,50,50
19980702,44,44
19980704,72,72
19980705,69,69
19980706,73,73
19980707,50,50
19980708,49,49
19980709,33,33
19980710,40,40
19980711,38,38
19980712,41,41
19980713,68,68
19980714,39,39
19980715,28,28
19980716,27,27
19980717,23,23
19980718,19,19
19980719,24,24
19980720,18,18
19980721,23,23
19980722,16,16
19980723,41,41
19980724,33,33
19980725,86,86
19980726,33,33
19980727,31,31
19980728,18,18
19980729,25,25
19980730,18,18
19980731,14,14
19980801,20,20
19980802,54,54
19980803,13,13
19980804,26,26
19980805,52,52
19980806,22,22
19980807,18,18
19980808,17,17
19980809,15,15
19980810,13,13
19980811,30,30
19980812,21,21
19980813,77,77
19980814,36,36
19980815,50,50
19980816,28,28
19980817,21,21
19980818,17,17
19980823,32,32
19980824,4,4
19980825,6,6
19980826,15,15
19980827,10,10
19980831,3,3
19980902,362,362
19980903,143,143
19980904,22,22
19980905,7,7
19980906,12,12
19980907,21,21
19980908,28,28
19980909,18,18
19980910,9,9
19980911,23,23
19980912,54,54
19980913,30,30
19980914,24,24
19980915,15,15
19980916,17,17
19980917,24,24
19980918,26,26
19980919,5,5
19980920,8,8
19980921,10,10
19980922,33,33
19980923,24,24
19980924,21,21
19980925,6,6
19980926,143,143
19980927,29,29
19980928,110,110
19980929,47,47
19980930,29,29
19981001,48,48
19981002,55,55
19981003,34,34
19981004,20,20
19981005,23,23
19981006,26,26
19981007,41,41
19981008,49,49
19981009,31,31
19981010,33,33
19981011,75,75
19981012,52,52
19981013,62,62
19981014,26,26
19981015,15,15
19981016,10,10
19981017,42,42
19981018,86,86
19981019,22,22
19981020,32,32
19981021,53,53
19981022,33,33
19981023,46,46
19981024,39,39
19981025,61,61
19981026,58,58
19981027,62,62
19981028,96,96
19981029,59,59
19981030,82,82
19981031,59,59
19981101,281,281
19981102,63,63
19981103,64,64
19981104,49,49
19981105,53,53
19981106,88,88
19981107,26,26
19981113,58,58
19981114,60,60
19981115,30,30
19981116,48,48
19981117,51,51
19981118,51,51
19981119,36,36
19981120,46,46
19981121,41,41
19981122,32,32
19981123,51,51
19981124,37,37
19981125,102,102
19981126,29,29
19981127,43,43
19981128,29,29
19981129,35,35
19981130,26,26
19981201,28,28
19981202,27,27
19981203,29,29
19981204,72,72
19981205,69,69
19981206,19,19
19981207,36,36
19981208,38,38
19981209,51,51
19981210,28,28
19981211,30,30
19981212,20,20
19981213,43,43
19981214,38,38
19981215,42,42
19981216,47,47
19981217,62,62
19981218,87,87
19981219,64,64
19981220,23,23
19981221,42,42
19981222,21,21
19981223,8,8
19981224,2,2
19981225,5,5
19981226,10,10
19981227,14,14
19981228,22,22
19981229,38,38
19981230,42,42
19981231,28,28
19990101,46,46
19990102,9,9
19990103,33,33
19990104,20,20
19990105,24,24
19990106,20,20
19990107,25,25
19990108,26,26
19990109,14,14
19990110,24,24
19990111,34,34
19990112,18,18
19990113,46,46
19990114,23,23
19990115,34,34
19990116,21,21
19990117,5,5
19990118,12,12
19990119,12,12
19990120,26,26
19990121,29,29
19990122,14,14
19990123,24,24
19990124,27,27
19990125,32,32
19990126,37,37
19990127,58,58
19990128,43,43
19990129,53,53
19990130,48,48
19990131,31,31
19990712,11,11
19990201,31,31
19990202,20,20
19990203,38,38
19990204,16,16
19990205,49,49
19990206,63,63
19990207,49,49
19990208,58,58
19990209,25,25
19990210,36,36
19990211,18,18
19990212,37,37
19990213,19,19
19990214,24,24
19990215,59,59
19990216,26,26
19990217,48,48
19990218,32,32
19990219,41,41
19990220,41,41
19990221,34,34
19990222,27,27
19990223,25,25
19990224,18,18
19990225,28,28
19990226,20,20
19990227,40,40
19990228,18,18
19990301,32,32
19990302,34,34
19990303,21,21
19990304,32,32
19990305,22,22
19990306,33,33
19990307,37,37
19990308,40,40
19990309,33,33
19990310,21,21
19990311,24,24
19990312,12,12
19990313,22,22
19990314,21,21
19990315,17,17
19990316,35,35
19990317,17,17
19990318,21,21
19990319,18,18
19990320,34,34
19990321,27,27
19990322,25,25
19990323,23,23
19990324,7,7
19990410,119,119
19990411,61,61
19990412,55,55
19990413,75,75
19990414,46,46
19990415,50,50
19990416,35,35
19990417,45,45
19990418,159,159
19990419,122,122
19990420,197,197
19990421,178,178
19990422,51,51
19990423,26,26
19990424,47,47
19990425,101,101
19990426,30,30
19990427,70,70
19990428,75,75
19990429,12,12
19990430,21,21
19990501,11,11
19990502,17,17
19990503,9,9
19990504,25,25
19990505,10,10
19990506,156,156
19990507,70,70
19990508,98,98
19990509,90,90
19990510,114,114
19990511,46,46
19990512,286,286
19990513,109,109
19990514,43,43
19990515,52,52
19990516,62,62
19990517,47,47
19990518,42,42
19990519,64,64
19990520,92,92
19990521,71,71
19990522,275,275
19990523,86,86
19990524,68,68
19990525,66,66
19990526,77,77
19990527,63,63
19990528,20,20
19990529,33,33
19990530,17,17
19990531,44,44
19990601,22,22
19990602,22,22
19990603,14,14
19990604,34,34
19990605,34,34
19990606,46,46
19990607,51,51
19990608,69,69
19990609,63,63
19990610,8,8
19990611,23,23
19990612,26,26
19990613,38,38
19990614,10,10
19990615,27,27
19990616,26,26
19990617,39,39
19990618,20,20
19990619,14,14
19990620,20,20
19990621,10,10
19990622,14,14
19990623,33,33
19990624,27,27
19990625,122,122
19990626,8,8
19990627,12,12
19990628,39,39
19990629,52,52
19990630,45,45
19990701,9,9
19990702,30,30
19990703,52,52
19990704,214,214
19990705,35,35
19990706,39,39
19990707,9,9
19990708,7,7
19990709,27,27
19990710,32,32
19990711,51,51
19990713,36,36
19990714,35,35
19990715,15,15
19990716,21,21
19990717,28,28
19990718,20,20
19990719,15,15
19990720,112,112
19990721,25,25
19990722,44,44
19990723,27,27
19990724,42,42
19990725,48,48
19990726,36,36
19990727,62,62
19990728,56,56
19990729,27,27
19990730,30,30
19990731,22,22
19990801,47,47
19990802,18,18
19990803,23,23
19990804,29,29
19990805,9,9
19990806,28,28
19990807,49,49
19990808,40,40
19990809,9,9
19990810,29,29
19990811,24,24
19990812,17,17
19990813,15,15
19990814,19,19
19990815,16,16
19990816,32,32
19990817,7,7
19990818,15,15
19990819,13,13
19990820,88,88
19990821,17,17
19990822,66,66
19990823,46,46
19990824,33,33
19990825,45,45
19990826,20,20
19990827,49,49
19990828,24,24
19990829,13,13
19990830,22,22
19990831,26,26
19990901,23,23
19990902,26,26
19990903,52,52
19990904,74,74
19990905,33,33
19990906,53,53
19990907,35,35
19990908,38,38
19990909,30,30
19990910,89,89
19990911,146,146
19990912,122,122
19990913,61,61
19990914,37,37
19990915,41,41
19990916,97,97
19990917,77,77
19990918,62,62
19990919,10,10
19990920,15,15
19990921,4,4
19990922,9,9
19990923,8,8
19990924,5,5
19990925,4,4
19990926,5,5
19990927,0,0
19990928,14,14
19990929,5,5
19990930,6,6
19991001,6,6
19991002,2,2
19991003,8,8
19991004,9,9
19991005,5,5
19991006,19,19
19991007,25,25
19991008,12,12
19991009,32,32
19991010,29,29
19991011,18,18
19991012,55,55
19991013,56,56
19991014,13,13
19991015,54,54
19991016,44,44
19991017,24,24
19991018,53,53
19991019,89,89
19991020,13,13
19991021,36,36
19991022,41,41
19991023,43,43
19991024,73,73
19991025,26,26
19991026,41,41
19991027,21,21
19991028,101,101
19991101,63,63
19991102,170,170
19991103,104,104
19991104,67,67
19991105,91,91
19991106,86,86
19991107,78,78
19991108,51,51
19991109,23,23
19991110,48,48
19991111,49,49
19991112,45,45
19991113,178,178
19991114,30,30
19991115,50,50
19991116,26,26
19991117,42,42
19991118,26,26
19991119,26,26
19991120,11,11
19991121,96,96
19991122,58,58
19991123,86,86
19991124,149,149
19991125,89,89
19991126,51,51
19991127,80,80
19991128,43,43
19991129,64,64
19991130,64,64
19991201,68,68
19991202,244,244
19991203,44,44
19991204,50,50
19991210,156,156
19991211,259,259
19991212,50,50
19991213,192,192
19991214,163,163
19991215,78,78
19991216,65,65
19991217,125,125
19991218,25,25
19991219,73,73
19991220,110,110
19991221,111,111
19991222,61,61
19991223,84,84
19991224,92,92
19991225,108,108
19991226,147,147
19991227,116,116
19991228,86,86
19991229,105,105
19991230,58,58
19991231,92,92
20000101,0,0
20000102,43,43
20000103,28,28
20000104,47,47
20000105,42,42
20000106,45,45
20000107,29,29
20000108,32,32
20000109,58,58
20000110,35,35
20000111,46,46
20000112,54,54
20000113,70,70
20000114,59,59
20000115,104,104
20000116,34,34
20000117,26,26
20000118,115,115
20000119,115,115
20000120,93,93
20000121,78,78
20000122,84,84
20000123,40,40
20000124,74,74
20000125,56,56
20000126,56,56
20000127,40,40
20000128,64,64
20000129,86,86
20000130,51,51
20000131,106,106
20000201,117,117
20001231,133,133
20000202,147,147
20000203,98,98
20000204,104,104
20000205,123,123
20000206,95,95
20000207,78,78
20000208,111,111
20000209,87,87
20000210,58,58
20000211,100,100
20000212,106,106
20000213,117,117
20000214,97,97
20000215,101,101
20000216,44,44
20000217,71,71
20000218,39,39
20000219,47,47
20000220,49,49
20000221,51,51
20000222,31,31
20000223,68,68
20000224,112,112
20000225,100,100
20000226,66,66
20000227,120,120
20000228,81,81
20000229,49,49
20000301,81,81
20000302,107,107
20000303,135,135
20000304,74,74
20000305,65,65
20000306,119,119
20000307,190,190
20000308,128,128
20000309,101,101
20000310,12,12
20000311,20,20
20000312,34,34
20000313,45,45
20000314,46,46
20000315,32,32
20000316,38,38
20000317,25,25
20000318,46,46
20000319,95,95
20000320,56,56
20000321,75,75
20000322,85,85
20000323,43,43
20000324,77,77
20000325,65,65
20000326,29,29
20000327,14,14
20000328,35,35
20000329,59,59
20000330,16,16
20000331,55,55
20000401,16,16
20000402,50,50
20000403,176,176
20000404,252,252
20000405,500,500
20000406,424,424
20000407,211,211
20000408,87,87
20000409,7,7
20000410,28,28
20000411,32,32
20000412,11,11
20000413,4,4
20000414,1,1
20000415,18,18
20000416,11,11
20000417,10,10
20000418,9,9
20000419,43,43
20000420,10,10
20000421,47,47
20000422,116,116
20000423,102,102
20000424,80,80
20000425,37,37
20000426,55,55
20000427,105,105
20000428,54,54
20000429,27,27
20000430,24,24
20000501,95,95
20000502,185,185
20000503,296,296
20000504,150,150
20000505,57,57
20000506,232,232
20000507,235,235
20000508,176,176
20000509,156,156
20000510,185,185
20000511,579,579
20000512,720,720
20000513,651,651
20000514,503,503
20000515,491,491
20000516,576,576
20000517,347,347
20000518,379,379
20000519,664,664
20000520,492,492
20000521,382,382
20000522,379,379
20000523,331,331
20000524,211,211
20000525,287,287
20000526,251,251
20000527,300,300
20000528,325,325
20000529,490,490
20000530,140,140
20000608,397,397
20000609,231,231
20000610,240,240
20000611,193,193
20000612,184,184
20000613,185,185
20000614,120,120
20000615,230,230
20000616,279,279
20000617,230,230
20000618,178,178
20000619,226,226
20000620,180,180
20000621,163,163
20000622,143,143
20000623,183,183
20000624,198,198
20000625,216,216
20000626,228,228
20000627,162,162
20000628,226,226
20000629,308,308
20000630,278,278
20000701,183,183
20000702,140,140
20000703,80,80
20000704,74,74
20000705,101,101
20000706,98,98
20000707,133,133
20000708,118,118
20000709,82,82
20000710,158,158
20000711,139,139
20000712,241,241
20000713,283,283
20000714,529,529
20000715,507,507
20000716,464,464
20000717,381,381
20000718,305,305
20000719,105,105
20000720,201,201
20000721,299,299
20000722,281,281
20000723,85,85
20000724,130,130
20000725,172,172
20000726,83,83
20000727,80,80
20000728,83,83
20000729,83,83
20000730,100,100
20000731,147,147
20000801,72,72
20000802,128,128
20000803,68,68
20000804,197,197
20000805,110,110
20000806,191,191
20000807,278,278
20000808,198,198
20000809,251,251
20000810,163,163
20000811,131,131
20000812,144,144
20000813,202,202
20000814,157,157
20000815,201,201
20000816,232,232
20000817,191,191
20000818,221,221
20000819,296,296
20000820,188,188
20000821,117,117
20000822,164,164
20000823,154,154
20000824,209,209
20000825,211,211
20000826,194,194
20000827,210,210
20000828,177,177
20000829,231,231
20000830,218,218
20000831,150,150
20000901,144,144
20000902,234,234
20000903,204,204
20000904,291,291
20000905,260,260
20000906,289,289
20000907,252,252
20000908,189,189
20000909,171,171
20000910,113,113
20000911,108,108
20000912,217,217
20000913,99,99
20000914,21,21
20000918,230,230
20000919,182,182
20000920,205,205
20000921,271,271
20000922,260,260
20000923,330,330
20000924,396,396
20000925,362,362
20000926,379,379
20000927,283,283
20000928,307,307
20000929,209,209
20000930,240,240
20001001,102,102
20001002,235,235
20001003,172,172
20001004,85,85
20001005,145,145
20001006,100,100
20001007,116,116
20001008,206,206
20001009,139,139
20001010,187,187
20001011,243,243
20001012,476,476
20001013,627,627
20001014,215,215
20001015,283,283
20001016,439,439
20001017,273,273
20001018,190,190
20001019,160,160
20001020,124,124
20001021,98,98
20001022,92,92
20001023,105,105
20001024,76,76
20001025,89,89
20001026,26,26
20001027,85,85
20001028,65,65
20001029,118,118
20001030,68,68
20001031,41,41
20001101,103,103
20001102,86,86
20001103,124,124
20001104,227,227
20001105,123,123
20001106,85,85
20001107,99,99
20001108,150,150
20001109,115,115
20001110,43,43
20001111,60,60
20001112,48,48
20001113,65,65
20001114,55,55
20001115,87,87
20001116,143,143
20001117,98,98
20001118,148,148
20001119,148,148
20001120,122,122
20001121,140,140
20001122,176,176
20001123,190,190
20001124,136,136
20001125,121,121
20001126,105,105
20001127,124,124
20001128,139,139
20001129,123,123
20001130,157,157
20001201,286,286
20001202,255,255
20001203,216,216
20001204,213,213
20001205,259,259
20001206,197,197
20001207,149,149
20001208,149,149
20001209,169,169
20001210,164,164
20001211,192,192
20001212,192,192
20001213,223,223
20001214,181,181
20001215,176,176
20001216,152,152
20001217,141,141
20001218,85,85
20001219,84,84
20001220,116,116
20001221,116,116
20001222,116,116
20001223,139,139
20001224,120,120
20001225,167,167
20001226,112,112
20001227,136,136
20001228,197,197
20001229,247,247
20001230,185,185
20010101,111,111
20010102,96,96
20010103,137,137
20010104,178,178
20010105,184,184
20010106,250,250
20010107,236,236
20010108,282,282
20010109,256,256
20010110,220,220
20010111,293,293
20010112,223,223
20010113,181,181
20010114,194,194
20010115,205,205
20010116,194,194
20010117,178,178
20010118,189,189
20010119,178,178
20010120,172,172
20010121,132,132
20010122,132,132
20010123,131,131
20010124,124,124
20010125,116,116
20010126,118,118
20010127,111,111
20010128,125,125
20010129,126,126
20010130,107,107
20010131,70,70
20010201,90,90
20010202,53,53
20010203,71,71
20010204,100,100
20010205,139,139
20010206,209,209
20010207,200,200
20010208,243,243
20010209,227,227
20010210,263,263
20010211,221,221
20010212,159,159
20010213,107,107
20010214,130,130
20010215,157,157
20010216,172,172
20010217,53,53
20010219,97,97
20010220,157,157
20010221,160,160
20010222,234,234
20010223,36,36
20010228,149,149
20010301,144,144
