DATE,MLYT.THRESH,MLYT.DATA,MJHT.THRESH,MJHT.DATA,MRYT.THRESH,MRYT.DATA,MLGT.THRESH,MLGT.DATA,MWHZ.THRESH,MWHZ.DATA,MGHZ.THRESH,MGHZ.DATA
02-Feb-1999 19:40:00, 100, 113, 100,  31,   0,   0, 200, 352, 100,  29, 150, 173
02-Feb-1999 19:50:01, 100,  78, 100,  28,   0,   0, 200, 240, 100,  24, 150, 157
04-Feb-1999 10:50:03, 100, 137, 100,  29, 100, 161, 200, 376, 100,  32, 150, 183
05-Feb-1999 16:20:06, 100, 201, 100,  33, 100, 247, 200, 599, 100,  54, 150, 186
07-Feb-1999 00:30:00, 100, 103, 100,  17, 100, 107, 200, 277, 100,  22, 150,  88
08-Feb-1999 23:00:02, 100, 125, 100,  21, 100, 130, 200, 265, 100,  29, 150, 133
08-Feb-1999 23:10:00, 100, 186, 100,  28, 100, 204, 200, 507, 100,  42, 150, 160
09-Feb-1999 18:20:03, 100, 130, 100,  22, 100, 132, 200, 315, 100,  30, 150, 116
10-Feb-1999 03:30:00, 100, 119, 100,  20, 100, 121, 200, 300, 100,  26, 150, 115
12-Feb-1999 17:50:00, 100, 120, 100,  19, 100, 121, 200, 316, 100,  26, 150,  98
01-Mar-1999 17:20:00, 100, 191, 100,  34, 100, 250, 200, 476, 100,  49, 150, 193
01-Mar-1999 17:30:00, 100, 248, 100,  35, 100, 343, 200, 806, 100,  56, 150, 175
01-Mar-1999 17:40:04, 100, 217, 100,  34, 100, 276, 200, 711, 100,  53, 150, 164
07-Mar-1999 12:30:01, 100, 200, 100,  28, 100, 194, 200, 476, 100,  39, 150, 186
07-Mar-1999 12:40:00, 100, 260, 100,  37, 100, 302, 200, 666, 100,  58, 150, 189
11-Mar-1999 02:30:01, 100, 310, 100,  21, 100,  85, 200, 254, 100,  28, 150, 220
11-Mar-1999 16:50:03, 100, 254, 100,  26, 100, 175, 200, 419, 100,  37, 150, 228
13-Mar-1999 06:00:00, 100,  72, 100,  16, 100, 109, 200, 226, 100,  19, 150, 600
15-Mar-1999 20:50:02, 100, 129, 100,  20, 100,  83, 200, 209, 100,  23, 150, 586
16-Mar-1999 11:00:00, 100, 127, 100,  18, 100,  95, 200, 245, 100,  29, 150, 654
20-Mar-1999 17:50:00, 100, 222, 100,  28, 100, 221, 200, 562, 100,  46, 150, 167
24-Mar-1999 13:20:00, 100, 254, 100,  37, 100, 288, 200, 650, 100,  65, 150, 226
25-Mar-1999 12:40:00, 100, 200, 100,  35, 100, 245, 200, 625, 100,  59, 150, 149
25-Mar-1999 12:50:00, 100, 122, 100,  23, 100, 114, 200, 305, 100,  30, 150,  75
26-Mar-1999 03:10:00, 100, 188, 100,  29, 100, 201, 200, 498, 100,  42, 150, 147
26-Mar-1999 03:20:04, 100, 164, 100,  30, 100, 206, 200, 512, 100,  45, 150, 132
26-Mar-1999 18:50:02, 100, 263, 100,  36, 100, 275, 200, 638, 100,  58, 150, 222
29-Mar-1999 06:00:04, 100, 105, 100,  24, 100, 141, 200, 348, 100,  29, 150, 107
30-Mar-1999 07:50:03, 150, 169,  50,  29, 150, 207, 300, 525,  50,  43, 150, 120
30-Mar-1999 08:50:00, 150, 225,  50, 252, 150, 265, 300, 683,  50,  53, 150, 178
01-Apr-1999 00:50:02, 150, 466,  50,  71, 150, 658, 300,1122,  50, 115, 150, 440
01-Apr-1999 01:00:00, 150, 233,  50,  33, 150, 253, 300, 602,  50,  50, 150, 205
01-Apr-1999 01:10:00, 150, 434,  50,  34, 150, 225, 300, 580,  50,  48, 150, 397
02-Apr-1999 17:10:07, 150, 232,  50,  32, 150, 248, 300, 662,  50,  57, 150, 154
02-Apr-1999 17:30:05, 150, 154,  50,  27, 150, 194, 300, 520,  50,  43, 150, 105
02-Apr-1999 19:40:00, 150, 161,  50,  31, 150, 205, 300, 466,  50,  48, 150, 141
03-Apr-1999 12:00:08, 150, 222,  50,  33, 150, 263, 300, 681,  50,  56, 150, 182
03-Apr-1999 12:10:00, 150, 240,  50,  39, 150, 308, 300, 804,  50,  59, 150, 163
03-Apr-1999 17:40:03, 150, 207,  50,  35, 150, 261, 300, 689,  50,  53, 150, 142
03-Apr-1999 17:50:00, 150, 211,  50,  36, 150, 277, 300, 690,  50,  50, 150, 143
03-Apr-1999 21:00:04, 150, 163,  50,  26, 150, 211, 300, 536,  50,  39, 150, 110
04-Apr-1999 23:30:02, 150, 211,  50,  32, 150, 259, 300, 585,  50,  53, 150, 168
06-Apr-1999 17:10:00, 150, 116,  50, 100, 150, 193, 300, 239,  50,  45, 150, 629
06-Apr-1999 23:50:01, 150, 255,  50,  32, 150, 272, 300, 663,  50,  55, 150, 642
07-Apr-1999 22:10:03, 150, 257,  50,  38, 150, 342, 300, 723,  50,  59, 150, 756
08-Apr-1999 10:10:00, 150,  99,  50,  35, 150, 226, 300, 477,  50,  29, 150, 599
11-Apr-1999 02:50:02, 150, 251,  50,  36, 150, 327, 300, 809,  50,  60, 150, 196
11-Apr-1999 23:40:00, 150, 211,  50,  26, 150, 236, 300, 580,  50,  45, 150, 161
14-Apr-1999 05:20:00, 150, 171,  50,  29, 150, 181, 300, 396,  50,  45, 150, 143
14-Apr-1999 05:30:01, 150, 175,  50,  25, 150, 217, 300, 487,  50,  38, 150, 124
16-Apr-1999 01:50:02, 150, 163,  50,  25, 150, 177, 300, 475,  50,  38, 150, 157
19-Apr-1999 04:30:02, 150, 166,  50,  36, 150, 253, 300, 366,  50,  41, 150, 205
19-Apr-1999 04:40:00, 150, 235,  50,  34, 150, 279, 300, 618,  50,  50, 150, 186
25-Apr-1999 01:00:00, 150, 383,  50,  79, 150, 170, 300, 528,  50,  75, 150, 252
25-Apr-1999 01:10:00, 150, 365,  50,  17, 150,  75, 300, 320,  50,  41, 150, 174
10-May-1999 10:30:01, 150, 409,   0,   0, 150, 397, 300, 750,  50, 122, 150, 492
20-May-1999 17:50:01, 150, 156,   0,   0, 150, 152, 300, 394,  50,  32, 150, 109
22-May-1999 13:20:03, 150, 289,   0,   0, 150, 313, 300, 568,  50,  67, 150, 743
22-May-1999 13:30:00, 150, 258,   0,   0, 150, 306, 300, 619,  50,  71, 150, 857
22-May-1999 13:40:01, 150, 173,   0,   0, 150, 183, 300, 378,  50,  34, 150,1032
22-May-1999 13:50:07, 150, 166,   0,   0, 150, 196, 300, 335,  50,  48, 150,1114
23-May-1999 02:50:01, 150, 410,   0,   0, 150, 676, 300, 968,  50, 111, 150, 829
05-Jun-1999 17:50:01, 150, 409,   0,   0, 150, 480, 300, 759,  50, 197, 150, 452
05-Jun-1999 18:00:05, 150, 396,   0,   0, 150, 766, 300,1316,  50, 131, 150, 334
05-Jun-1999 22:30:01, 150, 223,   0,   0, 150, 249, 300, 609,  50,  48, 150, 195
07-Jun-1999 23:30:01, 150, 184,   0,   0, 150, 209, 300, 470,  50,  40, 150, 141
08-Jun-1999 08:10:00, 150, 371,   0,   0, 150, 616, 300, 649,  50, 200, 150, 484
11-Jun-1999 00:40:04, 150, 428,   0,   0, 150, 492, 300,   1,  50, 120, 150, 292
13-Jun-1999 22:30:00, 150, 257,   0,   0, 150, 228, 300, 643,  50,  67, 150, 186
17-Jun-1999 06:00:04, 150, 339,   0,   0, 150, 461, 300, 590,  50, 143, 150, 373
17-Jun-1999 06:10:00, 150, 233,   0,   0, 150, 320, 300, 720,  50,  51, 150, 170
17-Jun-1999 06:20:01, 150, 160,   0,   0, 150, 166, 300, 466,  50,  36, 150, 121
23-Jun-1999 23:40:03, 150, 267,   0,   0, 150, 187, 300, 490,  50,  46, 150, 188
25-Jun-1999 06:40:00, 150, 331,   0,   0, 150, 249, 300, 508,  50,  58, 150, 208
26-Jun-1999 22:20:03, 150, 206,   0,   0, 150, 167, 300, 367,  50,  35, 150, 169
26-Jun-1999 22:30:00, 150, 204,   0,   0, 150, 171, 300, 404,  50,  37, 150, 150
28-Jun-1999 02:40:04, 150, 249,   0,   0, 150, 278, 300, 606,  50,  53, 150, 192
30-Jun-1999 02:10:06, 150, 239,   0,   0, 150, 362, 300,   2,  50,  56, 150, 196
02-Jul-1999 02:00:01, 150, 321,   0,   0, 150, 327, 300,   2,  50,  65, 150, 254
02-Jul-1999 21:40:06, 150, 282,   0,   0, 150, 333, 300,   2,  50,  58, 150, 226
03-Jul-1999 13:40:00, 150, 153,   0,   0, 150, 172, 300, 411,  50,  41, 150, 122
03-Jul-1999 21:00:00, 150, 223,   0,   0, 150, 253, 300,   2,  50,  50, 150, 186
08-Jul-1999 08:50:00, 150, 351,   0,   0, 150, 187, 300, 123,  50,  27, 150, 596
08-Jul-1999 09:00:04, 150, 324,   0,   0, 150, 119, 300, 348,  50,  28, 150, 900
09-Jul-1999 22:30:00, 150, 228,   0,   0, 150, 269, 300, 634,  50,  53, 150, 178
11-Jul-1999 08:00:04, 150, 157,   0,   0, 150, 290, 300, 323,  50, 103, 150, 273
11-Jul-1999 15:30:00, 150, 181,   0,   0, 150, 221, 300, 553,  50,  47, 150, 138
20-Jul-1999 05:10:00, 150, 266,   0,   0, 150, 480, 300, 463,  50, 216, 150, 456
20-Jul-1999 05:20:01, 150, 715,   0,   0, 150,1101, 300,1366,  50, 242, 150, 845
20-Jul-1999 05:30:06, 150, 238,   0,   0, 150, 227, 300, 532,  50,  50, 150, 219
27-Jul-1999 22:30:04, 150, 402,   0,   0, 150, 375, 300, 898,  50,  82, 150, 324
27-Jul-1999 22:40:00, 150, 205,   0,   0, 150, 219, 300, 502,  50,  49, 150, 170
28-Jul-1999 12:50:03, 150, 211,   0,   0, 150, 203, 300, 493,  50,  51, 150, 168
30-Jul-1999 03:20:02, 150, 219,   0,   0, 150, 182, 300, 587,  50,  64, 150, 107
03-Aug-1999 19:40:00, 150, 166,   0,   0, 150, 164, 300, 353,  50,  51, 150, 120
03-Aug-1999 19:50:04, 150, 350,   0,   0, 150, 332, 300, 983,  50,  99, 150, 201
18-Aug-1999 00:00:01, 150, 110,   0,   0, 150, 158, 300, 199,  50,  52, 150, 169
20-Aug-1999 00:20:00, 150,  17,   0,   0, 150, 167, 300, 310,  50,  30, 150, 260
25-Aug-1999 18:00:14, 150, 318,   0,   0, 150, 301, 300, 884,  50,  93, 150, 197
28-Aug-1999 00:30:03, 150, 256,   0,   0, 150, 452, 300, 447,  50, 175, 150, 366
02-Sep-1999 20:00:02, 150, 294,   0,   0, 150, 236, 300, 697,  50,  75, 150, 169
02-Sep-1999 20:10:00, 150, 283,   0,   0, 150, 225, 300, 768,  50,  79, 150, 155
03-Sep-1999 23:10:02, 150, 530,   0,   0, 150, 696, 300,1089,  50, 125, 150, 467
06-Sep-1999 20:50:02, 150, 144,   0,   0, 150, 152, 300, 397,  50,  31, 150, 687
07-Sep-1999 21:20:05, 150, 249,   0,   0, 150, 270, 300, 587,  50,  55, 150, 674
09-Sep-1999 09:10:00, 150, 229,   0,   0, 150, 241, 300, 530,  50,  51, 150, 711
10-Sep-1999 15:40:00, 150, 463,   0,   0, 150, 180, 300, 431,  50,  28, 150, 834
10-Sep-1999 16:10:02, 150, 185,   0,   0, 150, 165, 300, 190,  50,  15, 150, 777
10-Sep-1999 16:20:00, 150, 456,   0,   0, 150, 207, 300, 666,  50,  29, 150, 797
10-Sep-1999 20:00:06, 150, 261,   0,   0, 150, 244, 300, 627,  50,  51, 150, 725
10-Sep-1999 20:10:01, 150, 173,   0,   0, 150, 186, 300, 484,  50,  37, 150, 524
11-Sep-1999 08:30:00, 150, 279,   0,   0, 150, 260, 300, 858,  50,  25, 150, 404
11-Sep-1999 08:40:04, 150, 767,   0,   0, 150, 434, 300,1255,  50,  62, 150, 958
11-Sep-1999 08:50:00, 150, 275,   0,   0, 150, 188, 300, 721,  50,  31, 150, 464
12-Sep-1999 09:00:00, 150, 317,   0,   0, 150,  56, 300, 329,  50,  22, 150, 413
13-Sep-1999 02:10:00, 150, 178,   0,   0, 150, 165, 300, 457,  50,  36, 150, 330
13-Sep-1999 02:20:02, 150, 178,   0,   0, 150, 181, 300, 511,  50,  39, 150, 273
17-Sep-1999 07:50:00, 150,  41,   0,   0, 150, 282, 300, 321,  50,  23, 150, 172
17-Sep-1999 08:00:04, 150,  40,   0,   0, 150, 263, 300, 333,  50,  22, 150, 274
17-Sep-1999 08:10:00, 150,  74,   0,   0, 150, 261, 300, 334,  50,  21, 150, 240
17-Sep-1999 08:30:00, 150,  45,   0,   0, 150, 212, 300, 332,  50,  25, 150, 241
17-Sep-1999 08:50:04, 150,  38,   0,   0, 150, 258, 300, 316,  50,  21, 150, 159
17-Sep-1999 09:30:01, 150,  48,   0,   0, 150, 266, 300, 361,  50,  25, 150, 653
17-Sep-1999 09:40:05, 150,  37,   0,   0, 150, 260, 300, 304,  50,  27, 150, 719
17-Sep-1999 10:00:03, 150,  35,   0,   0, 150, 250, 300, 303,  50,  27, 150, 568
17-Sep-1999 11:00:00, 150, 155,   0,   0, 150, 209, 300, 254,  50,  25, 150, 490
17-Sep-1999 11:10:01, 150, 129,   0,   0, 150, 246, 300, 306,  50,  36, 150, 512
17-Sep-1999 11:20:05, 150,  77,   0,   0, 150, 245, 300, 323,  50,  29, 150, 397
17-Sep-1999 12:40:00, 150,  38,   0,   0, 150, 265, 300, 301,  50,  25, 150, 317
17-Sep-1999 15:00:05, 150, 260,   0,   0, 150, 191, 300, 235,  50,  24, 150, 461
17-Sep-1999 15:10:01, 150, 257,   0,   0, 150, 201, 300, 254,  50,  20, 150, 378
17-Sep-1999 15:20:03, 150, 272,   0,   0, 150, 217, 300, 241,  50,  18, 150, 425
17-Sep-1999 15:30:00, 150, 273,   0,   0, 150, 179, 300, 215,  50,  17, 150, 389
17-Sep-1999 15:40:01, 150, 257,   0,   0, 150, 205, 300, 262,  50,  18, 150, 395
17-Sep-1999 15:50:05, 150, 270,   0,   0, 150, 185, 300, 230,  50,  22, 150, 424
17-Sep-1999 16:00:01, 150, 261,   0,   0, 150, 182, 300, 205,  50,  15, 150, 389
17-Sep-1999 16:10:03, 150, 256,   0,   0, 150, 195, 300, 208,  50,  18, 150, 413
17-Sep-1999 16:20:00, 150, 265,   0,   0, 150, 176, 300, 188,  50,  13, 150, 391
17-Sep-1999 16:40:05, 150, 263,   0,   0, 150, 190, 300, 189,  50,  15, 150, 392
17-Sep-1999 16:50:01, 150, 266,   0,   0, 150, 174, 300, 194,  50,  14, 150, 389
17-Sep-1999 17:00:05, 150, 262,   0,   0, 150, 180, 300, 171,  50,  12, 150, 379
17-Sep-1999 17:10:00, 150, 273,   0,   0, 150, 174, 300, 193,  50,  13, 150, 397
17-Sep-1999 17:20:02, 150, 279,   0,   0, 150, 168, 300, 206,  50,  14, 150, 398
17-Sep-1999 17:30:00, 150, 298,   0,   0, 150, 178, 300, 162,  50,  11, 150, 405
17-Sep-1999 17:40:01, 150, 275,   0,   0, 150, 174, 300, 175,  50,  11, 150, 376
17-Sep-1999 17:50:04, 150, 265,   0,   0, 150, 193, 300, 184,  50,  12, 150, 352
17-Sep-1999 18:00:00, 150, 253,   0,   0, 150, 200, 300, 184,  50,  12, 150, 330
17-Sep-1999 18:10:02, 150, 236,   0,   0, 150, 161, 300, 152,  50,  10, 150, 304
17-Sep-1999 18:20:00, 150, 246,   0,   0, 150, 178, 300, 182,  50,  12, 150, 313
17-Sep-1999 19:30:04, 150, 396,   0,   0, 150, 156, 300, 157,  50,  10, 150, 412
17-Sep-1999 19:50:04, 150, 402,   0,   0, 150, 166, 300, 153,  50,   9, 150, 420
17-Sep-1999 20:10:01, 150, 265,   0,   0, 150, 160, 300, 157,  50,  10, 150, 292
17-Sep-1999 20:20:05, 150, 374,   0,   0, 150, 192, 300, 163,  50,  10, 150, 383
17-Sep-1999 20:30:01, 150, 281,   0,   0, 150, 161, 300, 153,  50,   9, 150, 287
17-Sep-1999 20:50:00, 150, 250,   0,   0, 150, 175, 300, 164,  50,  11, 150, 261
17-Sep-1999 21:10:05, 150, 226,   0,   0, 150, 169, 300, 147,  50,  10, 150, 238
17-Sep-1999 21:20:01, 150, 355,   0,   0, 150, 159, 300, 165,  50,  10, 150, 361
13-Oct-1999 00:50:00, 150, 191,   0,   0, 150, 200, 300, 502,  50,  38, 150, 117
15-Oct-1999 17:30:00, 150, 148,   0,   0, 150, 259, 300, 348,  50,  45, 150, 161
16-Oct-1999 13:30:03, 150, 229,   0,   0, 150, 222, 300, 867,  50,  65, 150, 126
19-Oct-1999 02:10:02, 150, 230,   0,   0, 150, 226, 300, 549,  50,  47, 150, 139
20-Oct-1999 05:00:00, 150, 207,   0,   0, 150, 344, 300, 623,  50,  46, 150, 133
20-Oct-1999 10:40:04, 150,  73,   0,   0, 150, 432, 300, 488,  50,  27, 150, 154
21-Oct-1999 01:20:03, 150, 702,   0,   0, 150, 359, 300,1243,  50,  52, 150, 718
21-Oct-1999 01:30:00, 150, 468,   0,   0, 150, 198, 300, 903,  50,  36, 150, 603
21-Oct-1999 01:40:01, 150, 192,   0,   0, 150, 130, 300, 396,  50,  19, 150, 259
21-Oct-1999 01:50:05, 150, 370,   0,   0, 150, 153, 300, 781,  50,  27, 150, 373
21-Oct-1999 02:00:01, 150, 233,   0,   0, 150, 141, 300, 686,  50,  21, 150, 337
21-Oct-1999 04:00:00, 150, 249,   0,   0, 150, 171, 300, 541,  50,  22, 150, 361
21-Oct-1999 04:10:02, 150, 229,   0,   0, 150, 141, 300, 503,  50,  20, 150, 339
21-Oct-1999 05:00:04, 150, 407,   0,   0, 150, 281, 300, 920,  50,  34, 150, 538
21-Oct-1999 05:10:00, 150, 325,   0,   0, 150, 155, 300, 956,  50,  34, 150, 587
22-Oct-1999 23:40:03, 150, 649,   0,   0, 150, 231, 300,1145,  50,  50, 150, 786
22-Oct-1999 23:50:00, 150, 604,   0,   0, 150, 228, 300,1235,  50,  56, 150, 901
23-Oct-1999 00:00:01, 150, 160,   0,   0, 150,  64, 300, 348,  50,  22, 150, 419
23-Oct-1999 17:00:00, 150, 484,   0,   0, 150, 602, 300,1074,  50, 103, 150, 329
23-Oct-1999 17:10:01, 150, 206,   0,   0, 150, 171, 300, 464,  50,  41, 150, 115
26-Oct-1999 06:50:06, 150, 491,   0,   0, 150, 434, 300, 892,  50, 101, 150, 860
27-Oct-1999 17:20:00, 150, 327,   0,   0, 150, 294, 300, 795,  50,  65, 150, 187
27-Oct-1999 17:30:00, 150, 292,   0,   0, 150, 287, 300, 650,  50,  63, 150, 189
28-Oct-1999 17:20:02, 150, 156,   0,   0, 150, 156, 300, 353,  50,  36, 150, 120
28-Oct-1999 17:30:00, 150, 266,   0,   0, 150, 277, 300, 521,  50,  71, 150, 217
02-Nov-1999 04:10:06, 150, 306,   0,   0, 150, 269, 300, 721,  50,  64, 150, 169
02-Nov-1999 04:20:00, 150, 229,   0,   0, 150, 204, 300, 573,  50,  47, 150, 128
02-Nov-1999 04:30:04, 150, 266,   0,   0, 150, 219, 300, 641,  50,  53, 150, 138
02-Nov-1999 04:40:00, 150, 197,   0,   0, 150, 176, 300, 481,  50,  41, 150, 103
02-Nov-1999 04:50:02, 150, 307,   0,   0, 150, 277, 300, 694,  50,  58, 150, 166
02-Nov-1999 05:00:00, 150, 299,   0,   0, 150, 255, 300, 693,  50,  58, 150, 154
02-Nov-1999 05:10:00, 150, 261,   0,   0, 150, 236, 300, 630,  50,  52, 150, 141
02-Nov-1999 05:20:06, 150, 280,   0,   0, 150, 246, 300, 674,  50,  55, 150, 154
02-Nov-1999 08:30:01, 150, 178,   0,   0, 150, 174, 300, 473,  50,  36, 150, 107
02-Nov-1999 18:00:25, 150, 220,   0,   0, 150, 194, 300, 560,  50,  44, 150, 116
02-Nov-1999 18:10:00, 150, 206,   0,   0, 150, 197, 300, 534,  50,  42, 150,  56
02-Nov-1999 18:20:01, 150, 199,   0,   0, 150, 194, 300, 541,  50,  39, 150,   2
02-Nov-1999 18:30:05, 150, 170,   0,   0, 150, 163, 300, 461,  50,  34, 150, 144
06-Nov-1999 17:40:02, 150, 240,   0,   0, 150, 284, 300, 439,  50,  92, 150, 236
08-Nov-1999 12:00:04, 150, 293,   0,   0, 150, 316, 300, 527,  50, 119, 150, 545
08-Nov-1999 16:40:00, 150, 214,   0,   0, 150, 186, 300, 513,  50,  53, 150, 113
08-Nov-1999 16:50:02, 150, 187,   0,   0, 150, 167, 300, 475,  50,  45, 150, 106
09-Nov-1999 17:20:01, 150, 212,   0,   0, 150, 176, 300, 451,  50,  45, 150, 117
09-Nov-1999 17:30:03, 150, 172,   0,   0, 150, 177, 300, 425,  50,  42, 150, 105
09-Nov-1999 17:40:00, 150, 168,   0,   0, 150, 178, 300, 436,  50,  42, 150, 102
09-Nov-1999 17:50:03, 150, 188,   0,   0, 150, 198, 300, 494,  50,  44, 150, 106
09-Nov-1999 18:00:00, 150, 186,   0,   0, 150, 196, 300, 506,  50,  45, 150, 101
09-Nov-1999 18:10:01, 150, 170,   0,   0, 150, 177, 300, 482,  50,  42, 150,  95
09-Nov-1999 18:20:04, 150, 173,   0,   0, 150, 156, 300, 433,  50,  36, 150,  91
10-Nov-1999 18:50:01, 150, 332,   0,   0, 150, 171, 300, 477,  50,  43,   0,   0
10-Nov-1999 19:00:05, 150, 324,   0,   0, 150, 210, 300, 538,  50,  47,   0,   0
10-Nov-1999 19:20:03, 150, 319,   0,   0, 150, 158, 300, 407,  50,  41,   0,   0
16-Nov-1999 03:50:05,   0,   0,  30,  46, 110, 172, 300, 235,  30,  40,   0,   0
16-Nov-1999 04:00:00,   0,   0,  30,  44, 110, 319, 300, 614,  30,  39,   0,   0
17-Nov-1999 11:40:01,   0,   0,  30,  40, 110, 124, 300, 328,  30,  38,   0,   0
18-Nov-1999 15:00:00,   0,   0,  30,  50, 110, 186, 300,1038,  30,  52,   0,   0
19-Nov-1999 01:00:05,   0,   0,  30,  33, 110, 174, 300, 617,  30,  28,   0,   0
19-Nov-1999 01:20:03,   0,   0,  30,  35, 110, 168, 300, 375,  30,  17,   0,   0
19-Nov-1999 12:00:03,   0,   0,  30,  33, 110, 114, 300, 326,  30,  22,   0,   0
19-Nov-1999 18:00:10,   0,   0,  30,  45, 110, 148, 300, 229,  30,  36,   0,   0
22-Nov-1999 20:10:00,   0,   0,  30,  44, 110, 129, 300, 401,  30,  24,   0,   0
10-Dec-1999 14:00:01,   0,   0,  30,  33, 110,  26, 300, 329,  30,  34,   0,   0
11-Dec-1999 00:40:02,   0,   0,  30,  70, 110, 378, 300, 821,  30,  45,   0,   0
11-Dec-1999 00:50:00,   0,   0,  30,  67, 110, 683, 300,1294,  30,  68,   0,   0
11-Dec-1999 01:00:02,   0,   0,  30,  73, 110, 403, 300,1013,  30,  42,   0,   0
11-Dec-1999 01:10:04,   0,   0,  30,  78, 110, 112, 300, 347,  30,  15,   0,   0
13-Dec-1999 12:10:00,   0,   0,  30,  49, 110,  29, 300, 375,  30,  34,   0,   0
14-Dec-1999 14:50:02,   0,   0,  30,  36, 110, 124, 300, 159,  30,  33,   0,   0
15-Dec-1999 12:00:00,   0,   0,  30,  31, 110,  26, 300, 341,  30,  32,   0,   0
15-Dec-1999 12:10:02,   0,   0,  30,  39, 110,  27, 300, 343,  30,  31,   0,   0
15-Dec-1999 12:20:00,   0,   0,  30,  47, 110,  27, 300, 356,  30,  32,   0,   0
15-Dec-1999 12:30:00,   0,   0,  30,  40, 110,  27, 300, 399,  30,  35,   0,   0
15-Dec-1999 12:40:04,   0,   0,  30,  47, 110,  66, 300, 372,  30,  41,   0,   0
15-Dec-1999 12:50:00,   0,   0,  30,  34, 110,  29, 300, 344,  30,  35,   0,   0
15-Dec-1999 13:30:04,   0,   0,  30,  33, 110,  29, 300, 347,  30,  36,   0,   0
15-Dec-1999 13:40:00,   0,   0,  30,  33, 110,  31, 300, 337,  30,  34,   0,   0
15-Dec-1999 13:50:02,   0,   0,  30,  36, 110,  33, 300, 332,  30,  34,   0,   0
15-Dec-1999 14:00:00,   0,   0,  30,  39, 110,  32, 300, 325,  30,  33,   0,   0
15-Dec-1999 14:10:00,   0,   0,  30,  37, 110,  35, 300, 318,  30,  34,   0,   0
15-Dec-1999 14:20:06,   0,   0,  30,  32, 110,  35, 300, 332,  30,  33,   0,   0
15-Dec-1999 14:30:00,   0,   0,  30,  36, 110,  38, 300, 332,  30,  32,   0,   0
15-Dec-1999 15:00:01,   0,   0,  30,  34, 110,  43, 300, 348,  30,  34,   0,   0
15-Dec-1999 15:10:05,   0,   0,  30,  36, 110,  46, 300, 346,  30,  34,   0,   0
20-Dec-1999 06:50:00,   0,   0,  30, 332, 110, 561, 300, 562,  30, 206,   0,   0
21-Dec-1999 14:50:00,   0,   0,  30,  30, 110, 150, 300, 316,  30,  45,   0,   0
25-Dec-1999 17:30:00,   0,   0,  30,  26, 110, 134, 300, 393,  30,  32,   0,   0
28-Dec-1999 08:20:05,   0,   0,  30, 191, 110, 114, 300, 328,  30,  27,   0,   0
29-Dec-1999 13:40:03,   0,   0,  30,  27, 110, 122, 300, 351,  30,  31,   0,   0
29-Dec-1999 21:00:02,   0,   0,  30,  28, 110, 138, 300, 347,  30,  31,   0,   0
30-Dec-1999 03:30:00,   0,   0,  30,  47, 110, 111, 300, 320,  30,  25,   0,   0
30-Dec-1999 12:20:05,   0,   0,  30,  30, 110, 114, 300, 305,  30,  31,   0,   0
30-Dec-1999 12:40:05,   0,   0,  30,  32, 110, 111, 300, 279,  30,  36,   0,   0
30-Dec-1999 13:00:00, 150,  40,  30,  44, 120, 123, 300, 340,  30,  42,   0,   0
31-Dec-1999 01:50:05,  75,  79,  50, 146, 150, 228, 300, 263,  75,  57,   0,   0
02-Feb-2000 03:30:00,  75, 142,  50,  61, 150, 565, 300,1253,  75,  71,   0,   0
02-Feb-2000 03:40:00,  75, 135,  50,  59, 150, 554, 300,1255,  75,  67,   0,   0
02-Feb-2000 03:50:04,  75,  97,  50,  48, 150, 426, 300,1008,  75,  49,   0,   0
06-Feb-2000 08:30:01,  75, 254,  75,  51, 150, 258, 300, 668,  75,  57,   0,   0
14-Feb-2000 02:10:01,  75,  81,  75,  54, 150, 360, 300, 674,  75,  47,   0,   0
16-Feb-2000 03:10:00,  75, 117,  75, 201, 150, 355, 300, 372,  75,  90,   0,   0
16-Feb-2000 06:30:00,  75,  79,  75,  51, 150, 336, 300, 630,  75,  41,   0,   0
23-Feb-2000 15:30:00, 120, 145,  80, 262, 200, 435, 300, 495, 120, 106,   0,   0
20-Mar-2000 16:10:00, 120, 139,  80,  48, 200, 482, 300,1161, 120,  53,   0,   0
20-Mar-2000 16:20:00, 120, 197,  80,  77, 200, 765, 300,1378, 120,  80,   0,   0
20-Mar-2000 16:30:00, 120, 214,  80,  56, 200, 609, 300,1293, 120,  65,   0,   0
20-Mar-2000 16:40:04, 120, 211,  80,  52, 200, 457, 300,1239, 120,  60,   0,   0
20-Mar-2000 16:50:00, 120, 146,  80,  54, 200, 583, 300,1302, 120,  64,   0,   0
20-Mar-2000 17:00:12, 120, 139,  80,  56, 200, 594, 300,1308, 120,  60,   0,   0
20-Mar-2000 17:10:00, 120, 175,  80,  66, 200, 706, 300,1356, 120,  74,   0,   0
20-Mar-2000 17:20:04, 120, 192,  80,  68, 200, 644, 300,1333, 120,  77,   0,   0
20-Mar-2000 17:30:00, 120, 174,  80,  48, 200, 451, 300,1165, 120,  49,   0,   0
20-Mar-2000 17:40:02, 120, 265,  80,  65, 200, 736, 300,1317, 120,  74,   0,   0
20-Mar-2000 17:50:00, 120, 265,  80,  98, 200,1024, 300,1459, 120, 115,   0,   0
20-Mar-2000 18:00:00, 120, 375,  80, 186, 200,1372, 300,1571, 120, 190,   0,   0
20-Mar-2000 18:10:04, 120, 572,  80, 304, 200,1601, 300,1637, 120, 319,   0,   0
20-Mar-2000 18:20:00, 120, 525,  80, 195, 200,1455, 300,1559, 120, 218,   0,   0
20-Mar-2000 18:30:04, 120, 652,  80, 229, 200,1336, 300,1554, 120, 241,   0,   0
20-Mar-2000 18:40:00, 120, 688,  80, 321, 200,1480, 300,1610, 120, 338,   0,   0
20-Mar-2000 18:50:02, 120, 620,  80, 138, 200, 920, 300,1429, 120, 120,   0,   0
20-Mar-2000 19:00:05, 120, 406,  80, 118, 200, 943, 300,1456, 120, 134,   0,   0
20-Mar-2000 19:10:01, 120, 496,  80, 254, 200,1486, 300,1583, 120, 280,   0,   0
20-Mar-2000 19:20:03, 120, 850,  80, 618, 200,1791, 300,1705, 120, 648,   0,   0
20-Mar-2000 19:30:00, 120, 889,  80, 740, 200,1806, 300,1715, 120, 697,   0,   0
20-Mar-2000 19:40:01, 120, 571,  80, 466, 200,1644, 300,1598, 120, 333,   0,   0
20-Mar-2000 19:50:05, 120, 405,  80, 316, 200,1533, 300,1642, 120, 235,   0,   0
20-Mar-2000 20:00:01, 120, 145,  80, 147, 200, 978, 300,1441, 120,  89,   0,   0
21-Mar-2000 01:50:01, 120, 125,  80,  52, 200, 483, 300,1210, 120,  64,   0,   0
21-Mar-2000 02:00:05, 120, 127,  80,  63, 200, 601, 300,1203, 120,  68,   0,   0
25-Mar-2000 00:30:02,  80,  83,  50,  30, 140, 151, 200, 362,  80,  33,   0,   0
27-Mar-2000 13:10:02,  80, 149,  50,  34, 140, 362, 200, 666,  80,  18,   0,   0
10-Apr-2000 16:30:00,  80, 675,  50,  26, 140, 780, 200, 212,  80,  24,   0,   0
10-Apr-2000 16:50:00,  80, 948,  50,  26, 140, 794, 200, 209,  80,  23,   0,   0
12-Apr-2000 16:30:04,  80,  57,  50, 115, 140, 782, 200, 257,  80,  44,   0,   0
06-May-2000 17:40:04,  80,  95,  50,  41, 140, 378, 200,1022,  80,  49,   0,   0
06-May-2000 17:50:00,  80, 131,  50,  56, 140, 570, 200,1213,  80,  67,   0,   0
06-May-2000 18:00:04,  80, 104,  50,  47, 140, 462, 200,1060,  80,  54,   0,   0
06-May-2000 18:10:00,  80, 101,  50,  42, 140, 376, 200, 955,  80,  52,   0,   0
06-May-2000 18:30:05,  80,  86,  50,  45, 140, 376, 200, 933,  80,  44,   0,   0
06-May-2000 19:00:00,  80,  86,  50,  40, 140, 377, 200, 951,  80,  48,   0,   0
06-May-2000 19:10:02,  80, 188,  50,  84, 140, 822, 200,1343,  80, 100,   0,   0
06-May-2000 19:20:05,  80, 132,  50,  64, 140, 647, 200,1273,  80,  67,   0,   0
06-May-2000 19:30:01,  80, 149,  50,  68, 140, 651, 200,1175,  80,  78,   0,   0
06-May-2000 19:40:03,  80, 103,  50,  45, 140, 414, 200,1014,  80,  51,   0,   0
06-May-2000 19:50:00,  80, 173,  50,  81, 140, 725, 200,1237,  80,  91,   0,   0
06-May-2000 20:00:01,  80, 112,  50,  50, 140, 547, 200,1177,  80,  58,   0,   0
06-May-2000 20:10:00,  80, 165,  50,  78, 140, 598, 200,1113,  80,  90,   0,   0
06-May-2000 20:20:04,  80, 210,  50, 104, 140, 909, 200,1361,  80, 116,   0,   0
09-May-2000 18:30:04,  80,  51,  50,  51, 140, 162, 200, 367,  80,  30,   0,   0
19-May-2000 10:30:06,  80, 181,  50,  23, 140, 106, 200, 278,  80, 113,   0,   0
28-May-2000 17:40:01,  80,  33,  50,  87, 140, 120, 200, 328,  80,  89,   0,   0
28-May-2000 18:00:01,  80,  19,  50,  97, 140,  76, 200, 217,  80, 118,   0,   0
06-Jun-2000 13:40:04,  80,  45,  50,  35, 140, 192, 200, 436,  80,  90,   0,   0
08-Jun-2000 15:50:00,  80, 740,  50,  24, 140, 143, 200, 419,  80,  72,   0,   0
08-Jun-2000 16:50:04,  80, 377,  50,  28, 140, 160, 200, 401,  80,  60,   0,   0
11-Jun-2000 17:10:05,  80,  54,  50,  36, 140, 176, 200, 360,  80, 128,   0,   0
13-Jun-2000 13:10:00,  80,  52,  50,  33, 140, 174, 200, 474,  80,  82,   0,   0
15-Jun-2000 12:50:00,  80,   1,  50,  40, 140, 173, 200, 378,  80,  87,   0,   0
16-Jun-2000 14:40:00,  80,  52,  50,  96, 140, 176, 200, 287,  80,  77,   0,   0
21-Jun-2000 16:00:05,  80,   1,  50,  33, 140, 146, 200, 343,  80,  87,   0,   0
26-Jun-2000 13:20:00,  80,  31,  50,  71, 140, 100, 200, 239,  80,  90,   0,   0
27-Jun-2000 05:10:04,  80,  46,  50,  51, 140, 141, 200, 280,  80,  52,   0,   0
27-Jun-2000 12:20:00,  80,  41,  50,  34, 140, 148, 200, 327,  80, 374,   0,   0
27-Jun-2000 12:50:01,  80,  45,  50,  40, 140, 148, 200, 331,  80, 380,   0,   0
27-Jun-2000 17:50:03,  80,  40,  50,  65, 140, 141, 200, 310,  80, 375,   0,   0
27-Jun-2000 18:50:00,  80,  37,  50, 105, 140, 121, 200, 304,  80, 377,   0,   0
27-Jun-2000 19:10:05,  80,  25,  50,  91, 140,  84, 200, 228,  80, 373,   0,   0
27-Jun-2000 19:30:05,  80,  26,  50, 100, 140, 103, 200, 264,  80, 377,   0,   0
27-Jun-2000 20:30:00,  80,  25,  50,  98, 140,  93, 200, 234,  80, 378,   0,   0
27-Jun-2000 20:40:02,  80,  27,  50,  92, 140,  92, 200, 248,  80, 387,   0,   0
27-Jun-2000 20:50:00,  80,  36,  50, 104, 140, 120, 200, 307,  80, 381,   0,   0
27-Jun-2000 21:10:05,  80,  57,  50,  40, 140, 169, 200, 362,  80, 381,   0,   0
27-Jun-2000 21:20:00,  80,  43,  50,  34, 140, 145, 200, 323,  80, 382,   0,   0
28-Jun-2000 00:30:07,  80,  43,  50,  39, 140, 148, 200, 281,  80, 376,   0,   0
28-Jun-2000 05:50:06,  80,  39,  50,  39, 140, 143, 200, 313,  80, 133,   0,   0
28-Jun-2000 11:50:02,  80,  56,  50,  43, 140, 161, 200, 304,  80, 379,   0,   0
28-Jun-2000 14:40:02,  80, 385,  50,  34, 140, 118, 200, 238,  80,  87,   0,   0
28-Jun-2000 16:40:01,  80, 818,  50,  35, 140, 145, 200, 299,  80,  62,   0,   0
28-Jun-2000 20:20:00,  80,  44,  50,  72, 140, 143, 200, 360,  80,  33,   0,   0
29-Jun-2000 17:10:00,  80,   2,  50,  35, 140, 172, 200, 423,  80,  99,   0,   0
29-Jun-2000 17:40:01,  80,  90,  50,  32, 140, 108, 200, 242,  80, 115,   0,   0
30-Jun-2000 15:20:00,  80, 568,  50,  35, 140, 196, 200, 466,  80,  41,   0,   0
21-Jul-2000 06:30:02, 150,  90,  70,  80, 300, 303, 500, 524,  80,  41,   0,   0
05-Aug-2000 14:50:00, 150, 144,  70,  91, 300, 577, 500, 944,  80, 108,   0,   0
06-Aug-2000 21:10:00, 150, 122,  70,  71, 300, 475, 500, 806,  80,  78,   0,   0
07-Aug-2000 00:50:00, 150, 166,  70, 109, 300, 577, 500, 772,  80, 118,   0,   0
07-Aug-2000 10:00:00, 150, 198,  70, 121, 300, 591, 500, 773,  80, 129,   0,   0
21-Aug-2000 23:50:00, 160,  51,  70, 119, 320, 419, 540, 576, 100,  38,   0,   0
22-Aug-2000 00:50:01, 160,  29,  70, 176, 320, 414, 540, 542, 100,  27,   0,   0
22-Aug-2000 01:00:05, 160,  59,  70, 163, 320, 484, 540, 693, 100,  44,   0,   0
22-Aug-2000 01:40:01, 160,  68,  70, 176, 320, 540, 540, 637, 100,  52,   0,   0
22-Aug-2000 01:50:05, 160,  30,  70, 149, 320, 482, 540, 544, 100,  27,   0,   0
22-Aug-2000 02:10:03, 160,  28,  70, 159, 320, 475, 540, 544, 100,  26,   0,   0
22-Aug-2000 02:30:03, 160,  40,  70, 162, 320, 438, 540, 584, 100,  30,   0,   0
05-Sep-2000 15:40:04, 160, 167, 100, 197, 480, 394, 700, 563, 100, 137,   0,   0
15-Sep-2000 18:40:04, 160, 211, 100, 109, 480, 400, 700, 715, 100,  88,   0,   0
16-Sep-2000 23:40:00, 160, 191, 100, 115, 480, 591, 700, 862, 100, 117,   0,   0
24-Sep-2000 15:00:03,  16,  34,  10,  24,  48, 113,  70, 266,  10,  45,   0,   0
27-Oct-2000 15:10:00, 160, 273, 100, 360, 480, 700, 700, 831, 100, 206,   0,   0
27-Oct-2000 15:20:00, 160, 231, 100, 346, 480, 590, 700, 630, 100, 199,   0,   0
29-Oct-2000 23:10:02, 160, 232, 100, 263, 480, 464, 700, 477, 100, 189,   0,   0
15-Nov-2000 11:40:02, 100, 127,  50,  73, 200, 220, 400, 459,  55,  49, 100, 118
17-Nov-2000 01:00:02,  75,   1,  50,  47, 150, 162, 300, 351,  60,  36,  75,  76
17-Nov-2000 04:10:01,  75,   1,  50,  37, 150, 152, 300, 317,  60,  24,  75,  79
17-Nov-2000 07:40:06,  75,   1,  50,  36, 150, 300, 300, 716,  60,  30,  75,  77
17-Nov-2000 15:20:01,  75,   1,  50,  56, 250, 317, 500, 721,  60,  65,  80, 125
21-Nov-2000 07:20:00,  75, 105,  50,  71, 250, 338, 500, 664,  60,  69,  80, 120
21-Nov-2000 09:40:05,  75,  88,  50,  53, 250, 364, 500, 777,  60,  49,  80,  91
23-Nov-2000 14:30:01,  75,  89,  50,  52, 250, 303, 500, 605,  60,  56,  80,  94
25-Nov-2000 02:10:00,  75,  79,  50,  52, 250, 285, 500, 525,  60,  51,  80,  87
25-Nov-2000 10:10:05,  75,  83,  50,  59, 250, 235, 500, 362,  60,  55,  80,  99
25-Nov-2000 15:10:00,  75,  96,  50,  68, 250, 365, 500, 537,  60,  62,  80, 125
25-Nov-2000 21:00:01,  75,  72,  50,  51, 250, 254, 500, 464,  60,  46,  80,  85
26-Nov-2000 02:10:05,  75,  74,  50,  48, 250, 279, 500, 632,  60,  45,  80,  89
26-Nov-2000 17:30:00,  75, 103,  50,  74, 250, 297, 500, 544,  60,  66,  80, 108
26-Nov-2000 21:00:04,  75,  74,  50,  57, 250, 261, 500, 524,  60,  50,  80,  91
27-Nov-2000 01:50:02,  75,  82,  50,  63, 250, 245, 500, 493,  60,  55,  80,  98
27-Nov-2000 11:30:00,  75,  85,  50,  60, 250, 256, 500, 445,  60,  57,  80, 105
27-Nov-2000 12:50:00,  75,  84,  50,  52, 250, 298, 500, 568,  60,  66,  80,  99
27-Nov-2000 19:30:02,  75, 104,  50,  64, 250, 305, 500, 506,  60,  65,  80, 121
27-Nov-2000 22:40:01,  75,  65,  50,  42, 250, 268, 500, 571,  60,  38,  80,  87
28-Nov-2000 09:50:01,  75,  84,  50,  57, 250, 262, 500, 456,  60,  49,  80, 110
28-Nov-2000 21:50:01,  75, 102,  50,  72, 250, 278, 500, 407,  60,  77,  80, 113
29-Nov-2000 02:40:00,  75,  78,  50,  50, 250, 307, 500, 626,  60,  48,  80,  84
29-Nov-2000 05:10:00,  75,  76,  50,  58, 250, 272, 500, 484,  60,  45,  80,  95
29-Nov-2000 22:10:02,  75,  78,  50,  59, 250, 246, 500, 581,  60,  48,  80,  87
30-Nov-2000 04:20:02,  75,  95,  50,  63, 250, 316, 500, 700,  60,  60,  80, 111
30-Nov-2000 07:10:01,  75,  81,  50, 103, 250, 307, 500, 588,  60,  58,  80, 120
30-Nov-2000 07:20:05,  75,  76,  50,  60, 250, 211, 500, 390,  60,  57,  80, 103
01-Dec-2000 05:50:05,  75, 113,  50,  49, 250, 276, 500, 535,  60,  53,  80, 443
01-Dec-2000 11:30:02,  75,  86,  50,  59, 250, 244, 500, 517,  60,  52,  80,  78
01-Dec-2000 12:10:00,  75, 102,  50,  58, 250, 290, 500, 541,  60,  61,  80, 102
01-Dec-2000 13:00:00,  75,  86,  50,  51, 250, 316, 500, 498,  60,  50,  80,  88
01-Dec-2000 21:20:00,  75, 287,  50,  60, 250, 210, 500, 410,  60,  53,  80,  81
08-Dec-2000 07:20:00, 120, 187,  75,  54, 350, 368, 600, 708,  90,  60, 120, 102
11-Dec-2000 15:00:04, 120,  98,  75, 116, 350, 283, 600, 669,  90,  63, 120, 122
14-Dec-2000 13:10:03, 120, 139,  75,  59, 350, 398, 600, 894,  90,  74, 120, 139
29-Dec-2000 13:10:03, 120, 123,  75,  54, 350, 355, 600, 751,  90,  71, 120, 116
05-Jan-2001 04:10:05, 120, 308,  75, 263, 350, 532, 600, 743,  90, 199, 120,   2
06-Jan-2001 16:00:00, 120, 141,  75, 176, 350, 382, 600, 607,  90, 114, 120, 188
13-Sep-2001 18:20:02, 120,  13, 120,  18, 300,  12, 400,  51, 120,   4,   1,  16
15-Sep-2001 13:20:01, 120,  10, 120,  15, 300,   9,   4,  50, 120,   7, 100,  27
25-Sep-2001 19:20:02, 120, 241, 120, 272, 300, 111, 400, 494, 120, 199, 100, 306
04-Oct-2001 08:00:00, 120, 110, 120,  45, 300, 427, 400,1109, 120,  55, 100, 113
04-Oct-2001 08:20:06, 120, 159, 120,  70, 300, 673, 400,1280, 120,  80, 100, 164
04-Oct-2001 08:30:00, 120, 102, 120,  49, 300, 458, 400,1109, 120,  51, 100, 109
05-Oct-2001 10:50:00, 120, 140, 120,  79, 300, 363, 400,1268, 120,  79, 100, 158
08-Oct-2001 11:40:05, 120, 140, 120,  38, 300, 125, 400, 735, 120,  33, 100, 192
08-Oct-2001 11:50:01, 120, 191, 120,  74, 300, 132, 400,1200, 120,  65, 100, 393
14-Oct-2001 14:40:01, 120, 244, 120,  51, 300, 134, 400,1172, 120,  48, 100, 519
14-Oct-2001 14:50:03, 120, 230, 120,  51, 300, 151, 400,1060, 120,  43, 100, 622
14-Oct-2001 15:00:00, 120, 227, 120,  64, 300, 148, 400,1217, 120,  61, 100, 617
14-Oct-2001 20:10:03, 120,  95, 120,  75, 300, 311, 400,1229, 120,  55, 100, 104
14-Oct-2001 22:00:00, 120, 104, 120,  70, 300, 426, 400,1305, 120,  61, 100, 122
14-Oct-2001 22:30:00, 120, 104, 120,  80, 300, 331, 400,1284, 120,  62, 100, 123
09-Nov-2001 06:40:05, 120, 128, 120,  32, 300, 192, 400, 800, 120,  32, 100, 165
09-Nov-2001 06:50:00, 120, 136, 120,  41, 300, 136, 400,1054, 120,  34, 100, 322
13-Nov-2001 09:50:04,  12,  14,  12,  10,  30,  43,  40,  85,  12,   6,  10,  38
13-Nov-2001 10:00:00,  12,  17,  12,  11,  30,  43,  40,  85,  12,   7,  10,  33
13-Nov-2001 10:10:02,  12,  29,  12,  11,  30,  42,  40,  85,  12,   6,  10,  37
13-Nov-2001 10:20:00,  12,  14,  12,  10,  30,  42,  40,  71,  12,   6,  10,  34
13-Nov-2001 10:30:00,  12,  15,  12,  10,  30,  41,  40,  81,  12,   6,  10,  26
13-Nov-2001 10:40:04,  12,  15,  12,  11,  30,  42,  40,  90,  12,   7,  10,  28
13-Nov-2001 10:50:00,  12,  16,  12,  16,  30,  46,  40, 117,  12,   8,  10,  25
13-Nov-2001 11:00:02,  12,  16,  12,  25,  30,  47,  40, 129,  12,   8,  10,  22
13-Nov-2001 11:10:00,  12,  14,  12, 149,  30,  82,  40, 109,  12,   8,  10,  19
13-Nov-2001 11:20:01,  12,  14,  12,  25,  30,  43,  40, 103,  12,   9,  10,  20
13-Nov-2001 11:30:05,  12,  15,  12,  30,  30,  45,  40, 120,  12,   9,  10,  21
13-Nov-2001 11:40:01,  12,  16,  12,  60,  30,  45,  40, 135,  12,   9,  10,  38
13-Nov-2001 11:50:03,  12,  22,  12, 104,  30,  65,  40, 179,  12,  13,  10,  24
13-Nov-2001 12:00:00,  12,  17,  12,  24,  30,  56,  40, 121,  12,  11,  10,  24
13-Nov-2001 12:10:01,  12,  13,  12,  40,  30,  40,  40, 101,  12,   8,  10,  23
13-Nov-2001 12:20:05,  12,  15,  12,  32,  30,  41,  40, 104,  12,   8,  10,  28
13-Nov-2001 12:30:01,  12,  14,  12,  23,  30,  48,  40, 121,  12,  25,  10,  17
13-Nov-2001 12:40:03,  12,  15,  12,  23,  30,  47,  40, 131,  12,   9,  10,  20
13-Nov-2001 12:50:00,  12,  15,  12,  21,  30,  41,  40, 107,  12,   8,  10,  21
13-Nov-2001 13:40:00,  24,  25,  24,  22,  60,  74,  80, 215,  24,  13,  20,  34
13-Nov-2001 14:00:00,  24,  22,  24,  22,  60,  62,  80, 156,  24,  12,  20,  38
13-Nov-2001 14:10:00,  24,  24,  24,  22,  60,  68,  80, 185,  24,  12,  20,  37
13-Nov-2001 15:20:00,  24,  16,  24,  25,  60,  46,  80, 114,  24,   8,  20,  34
13-Nov-2001 15:40:00,  24,  13,  24,  26,  60,  41,  80,  86,  24,   7,  20,  32
13-Nov-2001 16:20:00,  24,  15,  24,  27,  60,  48,  80, 111,  24,   7,  20,  35
13-Nov-2001 16:30:00,  24,  21,  24,  30,  60,  67,  80, 146,  24,  11,  20,  39
13-Nov-2001 16:40:05,  24,  14,  24,  38,  60,  38,  80,  87,  24,   6,  20,  33
03-Dec-2001 06:30:00, 120, 142, 120,  87, 300, 196, 400, 807, 120, 173, 100, 161
04-Dec-2001 12:50:05, 120, 137, 120,  80, 300, 374, 400, 735, 120, 188, 100, 156
04-Dec-2001 22:50:01, 120, 130, 120, 136, 300, 370, 400, 460, 120, 167, 100, 356
07-Dec-2001 00:20:00, 120,  90, 120,  54, 300, 348, 400, 752, 120,  51, 100, 106
07-Dec-2001 12:10:00, 120, 181, 120, 250, 300, 427, 400, 485, 120, 151, 100, 248
13-Dec-2001 08:20:00, 120, 132, 120,  61, 300, 771, 400,1168, 120,  69, 100, 133
13-Dec-2001 09:00:02, 120, 102, 120,  68, 300, 515, 400, 552, 120,  61, 100, 110
21-Dec-2001 05:40:00, 120, 121, 120,  39, 300, 297, 400, 920, 120,  47, 100, 121
21-Dec-2001 05:50:00, 120, 250, 120,  50, 300, 217, 400,1278, 120,  50, 100, 457
21-Dec-2001 06:00:04, 120, 140, 120,  37, 300, 162, 400, 754, 120,  35, 100, 378
21-Dec-2001 07:10:03, 120, 178, 120,  34, 300, 186, 400, 652, 120,  37, 100, 410
22-Dec-2001 21:40:03, 120,  96, 120,  40, 300, 343, 400,1038, 120,  51, 100, 101
28-Dec-2001 13:50:00, 120, 141, 120,  53, 300, 509, 400,1293, 120,  71, 100, 142
28-Dec-2001 14:00:01, 120, 242, 120, 112, 300,1012, 400,1529, 120, 136, 100, 253
28-Dec-2001 14:10:05, 120, 284, 120, 146, 300,1143, 400,1547, 120, 172, 100, 306
28-Dec-2001 14:20:01, 120, 229, 120, 140, 300,1141, 400,1532, 120, 140, 100, 249
28-Dec-2001 14:30:03, 120, 154, 120,  84, 300, 813, 400,1430, 120,  88, 100, 167
28-Dec-2001 14:40:00, 120, 197, 120,  92, 300, 877, 400,1452, 120, 110, 100, 202
28-Dec-2001 14:50:01, 120, 157, 120,  85, 300, 789, 400,1365, 120,  91, 100, 163
28-Dec-2001 15:00:00, 120, 167, 120,  75, 300, 718, 400,1288, 120,  92, 100, 167
31-Dec-2001 20:30:04, 120, 121, 120,  60, 300, 350, 400, 665, 120,  71, 100, 121
04-Jan-2002 05:00:01, 120, 120, 120,  72, 300, 379, 400, 670, 120,  80, 100, 131
06-Jan-2002 02:40:03, 120, 135, 120,  65, 300, 330, 400, 593, 120,  84, 100, 135
06-Jan-2002 06:20:02, 120, 110, 120,  55, 300, 349, 400, 685, 120,  65, 100, 117
06-Jan-2002 08:50:03, 120, 122, 120,  62, 300, 333, 400, 649, 120,  66, 100, 128
06-Jan-2002 11:20:04, 120, 108, 120,  54, 300, 356, 400, 643, 120,  61, 100, 111
10-Jan-2002 02:30:00, 120,  74, 120,  38, 300, 301, 400, 573, 120,  39, 100, 233
12-Jan-2002 04:10:01, 120, 131, 120,  64, 300, 354, 400, 683, 120,  74, 100, 136
12-Jan-2002 14:30:04, 120, 162, 120,  92, 300, 568, 400, 858, 120, 113, 100, 185
12-Jan-2002 20:00:00, 120, 140, 120,  69, 300, 428, 400, 806, 120,  78, 100, 144
13-Jan-2002 13:20:01, 120, 110, 120,  49, 300, 370, 400, 670, 120,  59, 100, 118
13-Jan-2002 14:30:00, 120, 107, 120,  61, 300, 335, 400, 521, 120,  67, 100, 117
15-Jan-2002 04:30:01, 120,  93, 120,  57, 300, 340, 400, 605, 120,  49, 100, 295
25-Jan-2002 03:50:05, 120,  66, 120, 140, 300, 314, 400, 480, 120,  36, 100,  76
29-Jan-2002 11:40:03, 120, 132, 120,  74, 300, 242, 400, 792, 120,  79, 100, 142
29-Jan-2002 15:00:04, 120, 140, 120,  80, 300, 247, 400, 782, 120,  87, 100, 174
01-Feb-2002 00:20:00, 120,  70, 120, 148, 300, 149, 400, 405, 120,  43, 100, 109
08-Mar-2002 20:10:03, 120, 158, 120, 104, 300,  75, 400, 632, 120, 117, 100, 182
09-Mar-2002 08:20:01, 120, 175, 120,  94, 300,  67, 400, 788, 120, 118, 100, 192
09-Mar-2002 09:30:00, 120, 138, 120,  77, 300,  71, 400, 605, 120,  89, 100, 154
13-Mar-2002 07:30:01, 120, 121, 120,  71, 300,  57, 400, 619, 120,  75, 100, 131
13-Mar-2002 11:10:01, 120, 127, 120,  66, 300,  72, 400, 849, 120,  82, 100, 135
11-Sep-2002 02:30:01,  45,  25,  60,  73, 150,  29, 200, 251,  50,  13,  30,  36
12-Sep-2002 17:50:00,  45,  59,  60,  29, 150,  25, 200, 341,  50,  28,  30,  51
12-Sep-2002 18:00:02,  45,  56,  60,  28, 150,  25, 200, 303,  50,  26,  30,  47
13-Sep-2002 19:20:01,  45,  40,  60,  62, 150,  36, 200, 256,  50,  16,  30,  49
14-Sep-2002 18:30:00,  45,  53,  60,  27, 150,  46, 200, 300,  50,  24,  30,  76
15-Sep-2002 02:50:03,  45,  34,  60, 137, 150,  30, 200, 290,  50,  14,  30,  71
15-Sep-2002 03:00:00,  45,  34,  60, 128, 150,  34, 200, 346,  50,  15,  30,  73
15-Sep-2002 03:10:01,  45,  18,  60, 117, 150,  29, 200, 243,  50,   7,  30,  66
15-Sep-2002 03:20:05,  45,  26,  60, 106, 150,  31, 200, 216,  50,  14,  30,  68
15-Sep-2002 03:30:01,  45,  40,  60,  74, 150,  37, 200, 317,  50,  18,  30,  70
15-Sep-2002 08:30:01,  45,  29,  60, 108, 150,  33, 200, 286,  50,  11,  30,  63
15-Sep-2002 08:40:05,  45,  33,  60, 136, 150,  36, 200, 258,  50,   7,  30,  61
15-Sep-2002 08:50:01,  45,  23,  60,  94, 150,  35, 200, 225,  50,   9,  30,  56
15-Sep-2002 09:00:03,  45,  52,  60,  85, 150,  38, 200, 360,  50,  26,  30,  68
15-Sep-2002 09:10:00,  45,  56,  60,  76, 150,  36, 200, 376,  50,  23,  30,  63
15-Sep-2002 09:20:01,  45,  41,  60,  72, 150,  35, 200, 294,  50,  16,  30,  53
15-Sep-2002 09:30:07,  45,  73,  60,  76, 150,  38, 200, 373,  50,  35,  30,  78
15-Sep-2002 09:40:01,  45,  33,  60,  76, 150,  37, 200, 246,  50,  15,  30,  49
15-Sep-2002 09:50:05,  45,  36,  60,  79, 150,  36, 200, 326,  50,  16,  30,  49
15-Sep-2002 10:00:00,  45,  30,  60,  72, 150,  35, 200, 298,  50,  12,  30,  42
15-Sep-2002 10:30:00,  45,  54,  60,  77, 150,  32, 200, 328,  50,  24,  30,  64
15-Sep-2002 10:40:04,  45,  24,  60,  69, 150,  37, 200, 224,  50,  11,  30,  40
15-Sep-2002 11:10:00,  45,  26,  60,  68, 150,  34, 200, 277,  50,  11,  30,  38
15-Sep-2002 13:10:00,  45,  30,  60,  81, 150,  34, 200, 286,  50,  13,  30,  37
15-Sep-2002 13:20:02,  45,  32,  60,  82, 150,  35, 200, 288,  50,  14,  30,  37
15-Sep-2002 13:30:00,  45,  53,  60,  83, 150,  43, 200, 494,  50,  26,  30,  58
15-Sep-2002 13:40:00,  45,  38,  60,  81, 150,  33, 200, 305,  50,  16,  30,  42
15-Sep-2002 13:50:05,  45,  31,  60,  76, 150,  36, 200, 320,  50,  14,  30,  36
15-Sep-2002 14:50:01,  45,  26,  60,  63, 150,  34, 200, 252,  50,  13,  30,  40
15-Sep-2002 16:40:05,  45,  26,  60,  68, 150,  33, 200, 233,  50,  11,  30,  34
15-Sep-2002 18:00:00,  45,  36,  60,  76, 150,  28, 200, 261,  50,  14,  30,  43
15-Sep-2002 18:10:01,  45,  27,  60,  94, 150,  31, 200, 254,  50,  11,  30,  36
17-Sep-2002 17:20:00,  45, 114,  60,  45, 150,  87, 200,1320,  50,  59,  30, 110
17-Sep-2002 17:30:02,  45,  53,  60,  22, 150,  42, 200, 711,  50,  24,  30,  49
27-Sep-2002 10:20:04,  45,  60,  60,  21, 150,  13, 200, 220,  50,  25,  30,  46
27-Sep-2002 15:20:00,  45,  49,  60,  18, 150,  13, 200, 224,  50,  17,  30,  37
27-Sep-2002 16:10:00,  45, 161,  60,  40, 150,  26, 200, 788,  50,  60,  30, 116
27-Sep-2002 16:20:00,  45, 237,  60,  75, 150,  42, 200, 889,  50, 118,  30, 214
27-Sep-2002 16:30:04,  45, 113,  60,  27, 150,  20, 200, 558,  50,  40,  30,  81
27-Sep-2002 16:40:00,  45,  92,  60,  24, 150,  19, 200, 446,  50,  32,  30,  70
27-Sep-2002 16:50:02,  45, 204,  60,  62, 150,  35, 200, 812,  50, 101,  30, 177
27-Sep-2002 17:00:00,  45,  82,  60,  21, 150,  15, 200, 319,  50,  27,  30,  65
27-Sep-2002 17:10:02,  45,  66,  60,  19, 150,  16, 200, 319,  50,  22,  30,  48
27-Sep-2002 17:20:05,  45, 145,  60,  49, 150,  25, 200, 712,  50,  62,  30, 117
27-Sep-2002 17:50:00,  45,  67,  60,  30, 150,  15, 200, 343,  50,  29,  30,  61
27-Sep-2002 19:10:01,  45,  76,  60,  20, 150,  15, 200, 346,  50,  26,  30,  57
28-Sep-2002 01:50:02,  45,  48,  60,  17, 150,  13, 200, 222,  50,  16,  30,  40
28-Sep-2002 02:00:00,  45,  61,  60,  21, 150,  15, 200, 323,  50,  24,  30,  51
28-Sep-2002 02:10:00,  45,  97,  60,  34, 150,  16, 200, 344,  50,  42,  30,  78
28-Sep-2002 02:20:04,  45,  47,  60,  15, 150,  13, 200, 243,  50,  16,  30,  36
28-Sep-2002 15:00:05,  45,  96,  60,  34, 150,  12, 200, 255,  50,  49,  30,  86
28-Sep-2002 20:00:00,  45,  96,  60,  81, 150,  15, 200, 393,  50,  35,  30,  78
29-Sep-2002 14:10:01,  45,  47,  60,  16, 150,  13, 200, 215,  50,  16,  30,  35
29-Sep-2002 18:10:00,  45,  99,  60,  28, 150,  20, 200, 384,  50,  36,  30,  71
29-Sep-2002 18:20:00,  45,  94,  60,  29, 150,  20, 200, 455,  50,  37,  30,  77
29-Sep-2002 18:30:04,  45, 150,  60,  35, 150,  23, 200, 588,  50,  53,  30, 109
29-Sep-2002 18:40:00,  45, 485,  60, 167, 150,  79, 200,1382,  50, 268,  30, 432
29-Sep-2002 18:50:02,  45, 401,  60, 130, 150,  77, 200,1443,  50, 213,  30, 354
29-Sep-2002 19:00:00,  45, 602,  60, 245, 150, 124, 200,1559,  50, 342,  30, 576
29-Sep-2002 19:10:00,  45, 556,  60, 258, 150, 119, 200,1563,  50, 332,  30, 534
29-Sep-2002 19:20:06,  45, 646,  60, 312, 150, 143, 200,1574,  50, 429,  30, 646
29-Sep-2002 19:30:00,  45, 589,  60, 305, 150, 127, 200,1576,  50, 398,  30, 596
29-Sep-2002 19:40:04,  45, 736,  60, 394, 150, 168, 200,1610,  50, 500,  30, 754
29-Sep-2002 19:50:00,  45, 657,  60, 367, 150, 162, 200,1609,  50, 449,  30, 680
29-Sep-2002 20:00:01,  45, 296,  60, 123, 150,  70, 200,1360,  50, 141,  30, 273
29-Sep-2002 20:10:05,  45, 281,  60,  84, 150,  69, 200,1277,  50, 123,  30, 259
29-Sep-2002 20:20:01,  45, 269,  60, 127, 150,  72, 200,1226,  50, 154,  30, 267
29-Sep-2002 20:30:03,  45,  47,  60,  20, 150,  20, 200, 333,  50,  18,  30,  49
29-Sep-2002 21:00:05,  45,  48,  60,  21, 150,  17, 200, 228,  50,  18,  30,  49
02-Oct-2002 11:30:00,  45,  51,  60,  25, 150,  16, 200, 216,  50,  26,  30,  46
02-Oct-2002 13:30:01,  45, 199,  60,  29, 150, 112, 200, 846,  50,  35,  30, 240
02-Oct-2002 13:40:03,  45, 104,  60,  27, 150,  90, 200, 944,  50,  33,  30, 181
02-Oct-2002 13:50:00,  45, 151,  60,  60, 150, 158, 200,1403,  50,  74,  30, 166
02-Oct-2002 14:00:01,  45, 115,  60,  49, 150, 142, 200,1351,  50,  60,  30, 122
02-Oct-2002 14:10:05,  45, 187,  60,  80, 150, 200, 200,1484,  50, 102,  30, 190
02-Oct-2002 14:20:01,  45, 152,  60,  78, 150, 179, 200,1438,  50,  78,  30, 157
02-Oct-2002 14:30:03,  45, 185,  60, 116, 150, 204, 200,1488,  50, 110,  30, 198
02-Oct-2002 14:40:00,  45, 232,  60, 136, 150, 247, 200,1504,  50, 131,  30, 241
02-Oct-2002 14:50:03,  45, 172,  60, 101, 150, 208, 200,1457,  50,  97,  30, 185
02-Oct-2002 15:00:00,  45, 285,  60, 172, 150, 237, 200,1545,  50, 172,  30, 304
02-Oct-2002 15:10:01,  45, 246,  60, 136, 150, 225, 200,1516,  50, 138,  30, 262
02-Oct-2002 15:20:05,  45, 177,  60,  97, 150, 178, 200,1442,  50, 103,  30, 184
02-Oct-2002 15:30:01,  45, 130,  60,  71, 150, 170, 200,1390,  50,  68,  30, 144
02-Oct-2002 15:40:00,  45, 212,  60,  97, 150, 183, 200,1390,  50,  95,  30, 205
02-Oct-2002 15:50:00,  45, 147,  60,  91, 150, 194, 200,1406,  50,  79,  30, 162
02-Oct-2002 16:00:04,  45, 179,  60, 128, 150, 180, 200,1422,  50, 106,  30, 198
02-Oct-2002 16:10:00,  45,  95,  60,  54, 150, 114, 200,1264,  50,  47,  30,  97
02-Oct-2002 16:20:04,  45, 136,  60,  76, 150, 125, 200,1353,  50,  74,  30, 144
02-Oct-2002 16:30:00,  45, 120,  60,  64, 150, 126, 200,1361,  50,  64,  30, 129
02-Oct-2002 16:40:01,  45, 116,  60,  68, 150, 128, 200,1365,  50,  63,  30, 129
02-Oct-2002 16:50:05,  45, 126,  60,  78, 150, 132, 200,1359,  50,  69,  30, 138
02-Oct-2002 17:00:01,  45, 129,  60,  65, 150, 123, 200,1328,  50,  71,  30, 137
02-Oct-2002 17:10:03,  45, 108,  60,  88, 150, 140, 200,1319,  50,  63,  30, 123
02-Oct-2002 17:20:02,  45, 106,  60,  50, 150, 105, 200,1265,  50,  51,  30, 108
02-Oct-2002 17:30:05,  45,  75,  60,  35, 150,  85, 200,1133,  50,  36,  30,  77
02-Oct-2002 17:40:01,  45,  90,  60,  37, 150,  92, 200,1228,  50,  42,  30,  90
02-Oct-2002 17:50:03,  45, 113,  60,  57, 150, 115, 200,1341,  50,  58,  30, 116
02-Oct-2002 18:00:00,  45, 156,  60,  96, 150, 153, 200,1440,  50,  87,  30, 164
02-Oct-2002 18:10:01,  45, 170,  60, 122, 150, 165, 200,1461,  50, 102,  30, 182
02-Oct-2002 18:20:05,  45, 163,  60, 105, 150, 156, 200,1430,  50,  97,  30, 174
02-Oct-2002 18:30:01,  45, 171,  60,  99, 150, 150, 200,1411,  50,  95,  30, 172
02-Oct-2002 18:40:03,  45, 214,  60, 128, 150, 177, 200,1483,  50, 121,  30, 218
02-Oct-2002 18:50:00,  45, 144,  60,  83, 150, 133, 200,1387,  50,  81,  30, 151
02-Oct-2002 19:00:03,  45,  92,  60,  39, 150,  80, 200,1056,  50,  47,  30,  91
02-Oct-2002 19:10:00,  45,  69,  60,  30, 150,  75, 200,1004,  50,  33,  30,  71
05-Oct-2002 21:40:00,  45,  89,  60,  39, 150,  72, 200, 763,  50,  47,  30,  84
05-Oct-2002 23:00:00,  45, 104,  60,  53, 150,  93, 200, 916,  50,  56,  30, 109
09-Oct-2002 22:30:00,  45, 162,  60,  48, 150,  81, 200,1152,  50,  70,  30, 162
09-Oct-2002 22:40:02,  45, 214,  60,  64, 150,  67, 200, 919,  50,  94,  30, 283
10-Oct-2002 20:10:01,  45,  28,  60,  64, 150,  26, 200, 330,  50,  13,  30,  31
10-Oct-2002 20:20:04,  45,  43,  60,  67, 150,  25, 200, 302,  50,  19,  30,  42
10-Oct-2002 20:30:00,  45,  37,  60,  64, 150,  21, 200, 259,  50,  16,  30,  38
13-Oct-2002 09:20:00,  45,  56,  60,  20, 150,  16, 200, 202,  50,  17,  30,  47
13-Oct-2002 09:30:00,  45,  58,  60,  22, 150,  16, 200, 245,  50,  22,  30,  48
13-Oct-2002 22:20:00,  45,  49,  60,  19, 150,  14, 200, 248,  50,  21,  30,  41
14-Oct-2002 08:30:03,  45,  75,  60,  31, 150,  16, 200, 281,  50,  39,  30,  64
15-Oct-2002 22:30:01,  45,  49,  60,  19, 150,  19, 200, 255,  50,  20,  30,  45
22-Oct-2002 13:30:00,  45,  52,  60,  25, 150, 104, 200, 793,  50,  24,  30,  52
22-Oct-2002 13:40:01,  45, 123,  60,  34, 150, 117, 200,1090,  50,  44,  30,  94
22-Oct-2002 13:50:05,  45, 283,  60,  70, 150, 161, 200,1294,  50,  82,  30, 257
22-Oct-2002 14:00:01,  45, 229,  60,  64, 150, 145, 200,1222,  50,  63,  30, 406
22-Oct-2002 14:10:03,  45, 123,  60,  40, 150,  97, 200, 932,  50,  39,  30, 255
22-Oct-2002 14:40:00,  45, 124,  60,  51, 150,  49, 200, 963,  50,  64,  30, 124
22-Oct-2002 14:50:00,  45, 101,  60,  36, 150,  39, 200, 632,  50,  49,  30,  89
22-Oct-2002 15:00:04,  45, 150,  60,  53, 150,  46, 200, 996,  50,  80,  30, 145
26-Oct-2002 06:40:05,  45,  53,  60,  30, 150, 114, 200, 634,  50,  23,  30,  63
26-Oct-2002 06:50:01,  45,  60,  60,  32, 150,  70, 200, 479,  50,  20,  30, 102
27-Oct-2002 09:40:02,  45,  73,  60,  34, 150,  53, 200, 556,  50,  29,  30,  70
28-Oct-2002 21:10:00,  45,  50,  60,  24, 150,  46, 200, 474,  50,  21,  30,  50
29-Oct-2002 18:40:05,  45,  60,  60,  32, 150,  71, 200, 577,  50,  30,  30,  63
31-Oct-2002 15:00:04,  45,  58,  60,  29, 150,  22, 200, 285,  50,  37,  30,  57
01-Nov-2002 23:00:02,  45,  55,  60,  20, 150,  21, 200, 309,  50,  30,  30,  49
02-Nov-2002 12:20:00,  45,  52,  60,  22, 150,  52, 200, 319,  50,  37,  30,  48
07-Nov-2002 17:20:01,  45,  58,  60,  24, 150,  13, 200, 337,  50,  32,  30,  48
15-Nov-2002 21:10:05,  45,  50,  60,  20, 150,  19, 200, 264,  50,  22,  30,  38
15-Nov-2002 21:20:01,  45, 115,  60,  23, 150,  26, 200, 396,  50,  38,  30,  71
15-Nov-2002 21:30:03,  45, 190,  60,  23, 150,  24, 200, 457,  50,  38,  30, 142
15-Nov-2002 21:40:00,  45,  95,  60,  21, 150,  13, 200, 330,  50,  29,  30, 111
15-Nov-2002 21:50:01,  45,  66,  60,  19, 150,  11, 200, 230,  50,  23,  30,  65
15-Nov-2002 22:00:05,  45,  98,  60,  24, 150,  11, 200, 347,  50,  35,  30,  75
15-Nov-2002 22:10:01,  45,  49,  60,  23, 150,  10, 200, 323,  50,  27,  30,  47
16-Nov-2002 23:00:04,  45,  91,  60,  48, 150,  37, 200, 735,  50,  52,  30,  95
18-Nov-2002 10:50:02,  45,  31,  60,  62, 150,  17, 200, 236,  50,  19,  30,  34
18-Nov-2002 12:20:00,  45,  65,  60,  35, 150,  58, 200, 476,  50,  41,  30,  66
23-Nov-2002 20:50:05,  45, 130,  60,  45, 150,  22, 200,   1,  50,  76,  30, 112
23-Nov-2002 21:00:01,  45, 146,  60,  51, 150,  28, 200,   1,  50,  85,  30, 133
23-Nov-2002 21:10:03,  45, 100,  60,  36, 150,  22, 200,   0,  50,  64,  30,  91
23-Nov-2002 21:20:00,  45, 103,  60,  39, 150,  24, 200,   1,  50,  66,  30,  93
23-Nov-2002 21:30:03,  45,  79,  60,  31, 150,  21, 200,   1,  50,  52,  30,  71
23-Nov-2002 21:40:00,  45, 121,  60,  46, 150,  25, 200,   1,  50,  74,  30, 107
23-Nov-2002 21:50:01,  45, 183,  60,  96, 150,  48, 200,   1,  50, 116,  30, 192
08-Dec-2002 20:50:05,  45, 163,  60,  60, 150,  38, 200,   1,  50, 107,  30, 155
08-Dec-2002 21:00:01,  45, 335,  60, 134, 150,  62, 200,   1,  50, 209,  30, 334
08-Dec-2002 21:10:03,  45, 385,  60, 161, 150,  67, 200,   1,  50, 234,  30, 382
08-Dec-2002 21:20:00,  45, 388,  60, 169, 150,  68, 200,   1,  50, 230,  30, 386
08-Dec-2002 21:30:01,  45, 401,  60, 171, 150,  74, 200,   1,  50, 250,  30, 392
08-Dec-2002 21:40:05,  45, 359,  60, 148, 150,  63, 200,   1,  50, 217,  30, 344
08-Dec-2002 21:50:01,  45, 426,  60, 210, 150,  71, 200,   2,  50, 273,  30, 429
08-Dec-2002 22:00:05,  45, 542,  60, 291, 150,  87, 200,   1,  50, 365,  30, 552
08-Dec-2002 22:10:00,  45, 250,  60, 134, 150,  47, 200,   6,  50, 156,  30, 254
08-Dec-2002 22:20:03,  45, 130,  60,  57, 150,  33, 200,   0,  50,  83,  30, 125
08-Dec-2002 22:50:00,  45, 271,  60, 106, 150,  50, 200,   8,  50, 166,  30, 269
08-Dec-2002 23:00:04,  45, 195,  60,  89, 150,  39, 200,   0,  50, 124,  30, 192
08-Dec-2002 23:10:00,  45, 191,  60,  77, 150,  39, 200,  11,  50, 119,  30, 183
08-Dec-2002 23:20:02,  45, 549,  60, 305, 150,  93, 200,   6,  50, 365,  30, 558
08-Dec-2002 23:30:00,  45, 185,  60,  89, 150,  38, 200,   3,  50, 110,  30, 176
08-Dec-2002 23:40:00,  45, 110,  60,  43, 150,  45, 200,   1,  50,  65,  30, 103
08-Dec-2002 23:50:04,  45, 128,  60,  41, 150, 124, 200,   1,  50,  72,  30, 112
09-Dec-2002,  45, 180,  60,  72, 150, 290, 200,   7,  50, 105,  30, 168
09-Dec-2002 00:10:04,  45, 159,  60,  60, 150, 216, 200,   1,  50,  91,  30, 155
09-Dec-2002 00:20:00,  45,  99,  60,  41, 150,  66, 200,  48,  50,  55,  30,  91
09-Dec-2002 00:30:00,  45, 132,  60,  47, 150,  27, 200,   1,  50,  72,  30, 124
17-Dec-2002 05:20:00,  45, 581,  60,  37, 150,   7, 200,   1,  50,  57,  30,  76
18-Dec-2002 10:10:00,  45, 149,  60,  43, 150,  20, 200,   1,  50,  53,  30, 104
19-Dec-2002 13:40:00,  45, 535,  60,  19,   0,   0, 200,   1,  50,  27,  30,  44
19-Dec-2002 13:50:04,  45, 249,  60,  27,   0,   0, 200,   1,  50,  46,  30,  73
20-Dec-2002 10:20:00,  45, 426,  60,  23,   0,   0, 200,   1,  50,  25,  30,  44
20-Dec-2002 11:10:00,  45, 225,  60,  46,   0,   0, 200,   1,  50,  29,  30,  39
20-Dec-2002 11:50:03,  45,   0,  60,  83,   0,   0, 200,   1,  50,  74,  30, 123
21-Dec-2002 09:40:05,  45,  74,  60,  36,   0,   0, 200,   1,  50,  44,  30,  67
21-Dec-2002 09:50:01,  45,  63,  60,  28,   0,   0, 200,   1,  50,  32,  30,  55
21-Dec-2002 10:30:00,  45,  70,  60,  31,   0,   0, 200,   1,  50,  39,  30,  61
21-Dec-2002 13:10:00,  45,  52,  60,  26,   0,   0, 200,   1,  50,  29,  30,  46
21-Dec-2002 15:30:00,  45,  70,  60,  32,   0,   0, 200,   1,  50,  40,  30,  63
21-Dec-2002 16:10:04,  45,  70,  60,  38,   0,   0, 200,   1,  50,  43,  30,  70
21-Dec-2002 16:40:00,  45,  49,  60,  33,   0,   0, 200,   1,  50,  31,  30,  51
22-Dec-2002 03:00:00,  45, 186,  60,  19,   0,   0, 200,   1,  50,  14,  30,  34
22-Dec-2002 04:40:00,  45, 615,  60,  27,   0,   0, 200,   1,  50,  30,  30,  57
22-Dec-2002 04:50:02,  45, 612,  60,  21,   0,   0, 200,   1,  50,  20,  30,  42
22-Dec-2002 05:00:00,  45, 599,  60,  20,   0,   0, 200,   1,  50,  13,  30,  32
22-Dec-2002 05:10:00,  45, 600,  60,  25,   0,   0, 200,   1,  50,  28,  30,  49
22-Dec-2002 05:20:04,  45, 596,  60,  21,   0,   0, 200,   1,  50,  20,  30,  39
22-Dec-2002 05:30:00,  45, 597,  60,  21,   0,   0, 200,   1,  50,  14,  30,  39
22-Dec-2002 05:40:02,  45, 597,  60,  20,   0,   0, 200,   1,  50,  13,  30,  37
22-Dec-2002 05:50:00,  45, 589,  60,  19,   0,   0, 200,   1,  50,  13,  30,  33
22-Dec-2002 06:00:02,  45, 580,  60,  22,   0,   0, 200,   1,  50,  18,  30,  35
28-Dec-2002 12:50:03,   0,   0,  60,  61,   0,   0,   0,   0,  50,  84,  30, 135
28-Dec-2002 20:40:02,   0,   0,  60,  45,   0,   0,   0,   0,  50,  68,  30, 113
28-Dec-2002 20:50:00,   0,   0,  60,  40,   0,   0,   0,   0,  50,  61,  30,  98
28-Dec-2002 21:00:02,   0,   0,  60,  45,   0,   0,   0,   0,  50,  64,  30, 108
28-Dec-2002 21:30:03,   0,   0,  60,  40,   0,   0,   0,   0,  50,  58,  30,  92
28-Dec-2002 22:00:05,   0,   0,  60,  50,   0,   0,   0,   0,  50,  80,  30, 122
29-Dec-2002 07:50:06,   0,   0,  60,  39,   0,   0,   0,   0,  50,  59,  30,  97
30-Dec-2002 09:10:02,   0,   0,  60,  82,   0,   0,   0,   0,  50,  42,  30,  70
30-Dec-2002 15:30:00,   0,   0,  60,  39,   0,   0,   0,   0,  50,  52,  30,  75
03-Jan-2003 11:00:00,   0,   0,  60,  64,   0,   0,   0,   0,  50,  24,  30,  41
04-Jan-2003 06:40:01,   0,   0,  60, 130,   0,   0,   0,   0,  50,  23,  30,  41
04-Jan-2003 06:50:03,   0,   0,  60, 207,   0,   0,   0,   0,  50,  13,  30,  31
04-Jan-2003 07:00:00,   0,   0,  60, 231,   0,   0,   0,   0,  50,  38,  30,  66
04-Jan-2003 07:10:01,   0,   0,  60, 195,   0,   0,   0,   0,  50,  14,  30,  39
04-Jan-2003 07:20:00,   0,   0,  60, 139,   0,   0,   0,   0,  50,  12,  30,  43
04-Jan-2003 07:30:01,   0,   0,  60, 149,   0,   0,   0,   0,  50,  22,  30,  50
04-Jan-2003 07:40:04,   0,   0,  60, 164,   0,   0,   0,   0,  50,  33,  30,  68
04-Jan-2003 07:50:00,   0,   0,  60, 151,   0,   0,   0,   0,  50,  17,  30,  41
04-Jan-2003 08:00:02,   0,   0,  60, 127,   0,   0,   0,   0,  50,  45,  30,  86
04-Jan-2003 08:10:00,   0,   0,  60, 114,   0,   0,   0,   0,  50,  70,  30, 112
04-Jan-2003 08:20:00,   0,   0,  60,  97,   0,   0,   0,   0,  50,  51,  30,  80
04-Jan-2003 08:30:04,   0,   0,  60,  87,   0,   0,   0,   0,  50,  32,  30,  54
04-Jan-2003 08:40:00,   0,   0,  60,  86,   0,   0,   0,   0,  50,  23,  30,  40
04-Jan-2003 08:50:02,   0,   0,  60,  89,   0,   0,   0,   0,  50,  46,  30,  70
04-Jan-2003 09:00:00,   0,   0,  60,  72,   0,   0,   0,   0,  50,  29,  30,  43
05-Jan-2003 00:20:00,   0,   0,  60,  51,   0,   0,   0,   0,  50,  65,  30, 104
08-Jan-2003 04:50:04,   0,   0,  60,  34,   0,   0,   0,   0,  50,  54,  30,  80
08-Jan-2003 05:00:00,   0,   0,  60,  42,   0,   0,   0,   0,  50,  71,  30,  98
08-Jan-2003 05:10:02,   0,   0,  60,  39,   0,   0,   0,   0,  50,  61,  30,  92
08-Jan-2003 05:20:00,   0,   0,  60,  39,   0,   0,   0,   0,  50,  67,  30,  99
08-Jan-2003 05:30:00,   0,   0,  60,  43,   0,   0,   0,   0,  50,  78,  30, 113
08-Jan-2003 05:40:04,   0,   0,  60,  44,   0,   0,   0,   0,  50,  74,  30, 109
08-Jan-2003 05:50:00,   0,   0,  60,  65,   0,   0,   0,   0,  50, 118,  30, 168
08-Jan-2003 06:00:02,   0,   0,  60,  46,   0,   0,   0,   0,  50,  86,  30, 115
08-Jan-2003 06:10:00,   0,   0,  60,  37,   0,   0,   0,   0,  50,  53,  30,  81
08-Jan-2003 06:20:00,   0,   0,  60,  36,   0,   0,   0,   0,  50,  55,  30,  81
10-Jan-2003 15:50:01,   0,   0,  60,  46,   0,   0,   0,   0,  50,  54,  30,  84
10-Jan-2003 16:40:01,   0,   0,  60,  49,   0,   0,   0,   0,  50,  70,  30, 107
10-Jan-2003 16:50:00,   0,   0,  60,  42,   0,   0,   0,   0,  50,  60,  30,  92
10-Jan-2003 17:00:01,   0,   0,  60,  46,   0,   0,   0,   0,  50,  62,  30,  99
10-Jan-2003 17:10:04,   0,   0,  60,  49,   0,   0,   0,   0,  50,  68,  30, 104
10-Jan-2003 17:20:00,   0,   0,  60,  52,   0,   0,   0,   0,  50,  74,  30, 117
10-Jan-2003 17:30:02,   0,   0,  60,  50,   0,   0,   0,   0,  50,  69,  30, 103
10-Jan-2003 17:40:00,   0,   0,  60,  74,   0,   0,   0,   0,  50, 106,  30, 160
10-Jan-2003 17:50:00,   0,   0,  60,  92,   0,   0,   0,   0,  50, 123,  30, 203
10-Jan-2003 18:00:04,   0,   0,  60,  86,   0,   0,   0,   0,  50, 111,  30, 204
10-Jan-2003 18:30:00,   0,   0,  60,  38,   0,   0,   0,   0,  50,  57,  30,  83
10-Jan-2003 20:40:01,   0,   0,  60,  42,   0,   0,   0,   0,  50,  58,  30,  87
14-Jan-2003 03:30:01,   0,   0,  60,  56,   0,   0,   0,   0,  50,  67,  30, 112
25-Jan-2003 06:20:01,   0,   0,  60, 276,   0,   0,   0,   0,  50,  21,  30,  43
25-Jan-2003 06:30:05,   0,   0,  60, 275,   0,   0,   0,   0,  50,  35,  30,  62
25-Jan-2003 07:10:01,   0,   0,  60, 274,   0,   0,   0,   0,  50,  22,  30,  43
26-Jan-2003 04:40:05,   0,   0,  60,  42,   0,   0,   0,   0,  50,  53,  30,  99
26-Jan-2003 09:20:01,   0,   0,  60,  50,   0,   0,   0,   0,  50,  65,  30, 113
29-Jan-2003 11:20:02,   0,   0,  60,  72,   0,   0,   0,   0,  50,  18,  30,  41
29-Jan-2003 11:50:04,   0,   0,  60,  71,   0,   0,   0,   0,  50,  28,  30,  58
04-Feb-2003 13:40:00,   0,   0,  60, 279,   0,   0,   0,   0,  50,  43,  30,  74
04-Feb-2003 13:50:01,   0,   0,  60, 280,   0,   0,   0,   0,  50,  16,  30,  31
06-Feb-2003 01:30:00,   0,   0,  60,  46,   0,   0,   0,   0,  50,  55,  30,  96
06-Feb-2003 18:30:04,   0,   0,  60,  66,   0,   0,   0,   0,  50,  44,  30,  85
07-Feb-2003 08:40:01,   0,   0,  60,  64,   0,   0,   0,   0,  50,  33,  30,  75
07-Feb-2003 10:20:00,   0,   0,  60,  74,   0,   0,   0,   0,  50,   8,  30,  31
07-Feb-2003 10:30:04,   0,   0,  60,  85,   0,   0,   0,   0,  50,  31,  30,  72
07-Feb-2003 10:40:00,   0,   0,  60,  64,   0,   0,   0,   0,  50,  11,  30,  36
07-Feb-2003 10:50:02,   0,   0,  60,  80,   0,   0,   0,   0,  50,  42,  30,  93
07-Feb-2003 11:20:04,   0,   0,  60,  91,   0,   0,   0,   0,  50,   8,  30,  31
07-Feb-2003 11:50:00,   0,   0,  60,  94,   0,   0,   0,   0,  50,  11,  30,  37
07-Feb-2003 12:00:00,   0,   0,  60,  79,   0,   0,   0,   0,  50,  60,  30,  35
07-Feb-2003 12:10:04,   0,   0,  60,  83,   0,   0,   0,   0,  50,  40,  30,  56
07-Feb-2003 12:20:00,   0,   0,  60,  86,   0,   0,   0,   0,  50,  15,  30,  42
07-Feb-2003 12:30:02,   0,   0,  60,  66,   0,   0,   0,   0,  50,   9,  30,  33
07-Feb-2003 13:10:01,   0,   0,  60,  78,   0,   0,   0,   0,  50,  27,  30,  56
07-Feb-2003 13:40:01,   0,   0,  60,  95,   0,   0,   0,   0,  50,   7,  30,  36
07-Feb-2003 13:50:05,   0,   0,  60,  82,   0,   0,   0,   0,  50,  23,  30,  57
07-Feb-2003 14:00:01,   0,   0,  60,  94,   0,   0,   0,   0,  50,  12,  30,  44
07-Feb-2003 14:10:03,   0,   0,  60,  90,   0,   0,   0,   0,  50,  19,  30,  57
07-Feb-2003 14:20:00,   0,   0,  60,  70,   0,   0,   0,   0,  50,  25,  30,  63
07-Feb-2003 14:30:01,   0,   0,  60,  73,   0,   0,   0,   0,  50,  19,  30,  50
07-Feb-2003 15:00:03,   0,   0,  60,  77,   0,   0,   0,   0,  50,  13,  30,  38
07-Feb-2003 15:10:00,   0,   0,  60,  90,   0,   0,   0,   0,  50,  21,  30,  65
07-Feb-2003 15:20:01,   0,   0,  60,  84,   0,   0,   0,   0,  50,  34,  30,  70
07-Feb-2003 21:20:00,   0,   0,  60,  75,   0,   0,   0,   0,  50,  53,  30, 100
07-Feb-2003 21:30:02,   0,   0,  60,  61,   0,   0,   0,   0,  50,  13,  30,  34
07-Feb-2003 21:40:00,   0,   0,  60,  62,   0,   0,   0,   0,  50,  14,  30,  39
07-Feb-2003 21:50:00,   0,   0,  60,  67,   0,   0,   0,   0,  50,  13,  30,  36
07-Feb-2003 22:00:04,   0,   0,  60,  63,   0,   0,   0,   0,  50,  10,  30,  33
07-Feb-2003 22:30:00,   0,   0,  60,  67,   0,   0,   0,   0,  50,  17,  30,  46
08-Feb-2003 09:10:00,   0,   0,  60,  73,   0,   0,   0,   0,  50,  11,  30,  32
08-Feb-2003 10:00:00,   0,   0,  60,  87,   0,   0,   0,   0,  50,  24,  30,  53
08-Feb-2003 10:10:00,   0,   0,  60, 104,   0,   0,   0,   0,  50,  15,  30,  36
08-Feb-2003 12:30:00,   0,   0,  60,  72,   0,   0,   0,   0,  50,  28,  30,  60
08-Feb-2003 14:30:00,   0,   0,  60,  65,   0,   0,   0,   0,  50,  54,  30, 100
10-Feb-2003 11:20:00,   0,   0,  60, 276,   0,   0,   0,   0,  50,  15,  30,  44
10-Feb-2003 11:30:02,   0,   0,  60, 273,   0,   0,   0,   0,  50,  13,  30,  44
10-Feb-2003 11:40:00,   0,   0,  60, 273,   0,   0,   0,   0,  50,  13,  30,  42
10-Feb-2003 11:50:00,   0,   0,  60, 274,   0,   0,   0,   0,  50,  11,  30,  32
10-Feb-2003 12:00:06,   0,   0,  60, 276,   0,   0,   0,   0,  50,  61,  30, 106
10-Feb-2003 12:10:00,   0,   0,  60, 274,   0,   0,   0,   0,  50,   9,  30,  46
10-Feb-2003 12:20:03,   0,   0,  60, 276,   0,   0,   0,   0,  50,  15,  30,  52
10-Feb-2003 12:30:00,   0,   0,  60, 274,   0,   0,   0,   0,  50,  14,  30,  43
10-Feb-2003 12:40:01,   0,   0,  60, 273,   0,   0,   0,   0,  50,  25,  30,  36
10-Feb-2003 12:50:05,   0,   0,  60, 277,   0,   0,   0,   0,  50,  12,  30,  35
10-Feb-2003 13:00:01,   0,   0,  60, 276,   0,   0,   0,   0,  50,  13,  30,  40
10-Feb-2003 13:10:03,   0,   0,  60, 276,   0,   0,   0,   0,  50,   9,  30,  38
10-Feb-2003 13:20:00,   0,   0,  60, 274,   0,   0,   0,   0,  50,  16,  30,  57
10-Feb-2003 13:30:01,   0,   0,  60, 273,   0,   0,   0,   0,  50,   8,  30,  41
10-Feb-2003 13:40:05,   0,   0,  60, 276,   0,   0,   0,   0,  50,   8,  30,  43
10-Feb-2003 13:50:01,   0,   0,  60, 275,   0,   0,   0,   0,  50,  28,  30,  75
10-Feb-2003 14:00:03,   0,   0,  60, 274,   0,   0,   0,   0,  50,   8,  30,  34
10-Feb-2003 14:10:00,   0,   0,  60, 274,   0,   0,   0,   0,  50,   9,  30,  35
10-Feb-2003 14:20:01,   0,   0,  60, 275,   0,   0,   0,   0,  50,  12,  30,  40
10-Feb-2003 14:30:00,   0,   0,  60, 277,   0,   0,   0,   0,  50,   9,  30,  35
10-Feb-2003 14:40:01,   0,   0,  60, 275,   0,   0,   0,   0,  50,  18,  30,  49
10-Feb-2003 14:50:05,   0,   0,  60, 275,   0,   0,   0,   0,  50,  12,  30,  44
10-Feb-2003 15:00:00,   0,   0,  60, 275,   0,   0,   0,   0,  50,  10,  30,  37
10-Feb-2003 15:10:02,   0,   0,  60, 275,   0,   0,   0,   0,  50,   8,  30,  50
10-Feb-2003 15:20:00,   0,   0,  60, 275,   0,   0,   0,   0,  50,  10,  30,  31
10-Feb-2003 15:30:00,   0,   0,  60, 274,   0,   0,   0,   0,  50,  18,  30,  51
10-Feb-2003 15:40:04,   0,   0,  60, 273,   0,   0,   0,   0,  50,  11,  30,  37
10-Feb-2003 15:50:00,   0,   0,  60, 274,   0,   0,   0,   0,  50,  12,  30,  40
10-Feb-2003 16:00:02,   0,   0,  60, 275,   0,   0,   0,   0,  50,  20,  30,  57
10-Feb-2003 16:40:00,   0,   0,  60, 275,   0,   0,   0,   0,  50,  13,  30,  42
10-Feb-2003 16:50:02,   0,   0,  60, 274,   0,   0,   0,   0,  50,  15,  30,  41
10-Feb-2003 17:00:00,   0,   0,  60, 277,   0,   0,   0,   0,  50,  28,  30,  64
10-Feb-2003 17:10:00,   0,   0,  60, 273,   0,   0,   0,   0,  50,  13,  30,  40
10-Feb-2003 17:20:06,   0,   0,  60, 275,   0,   0,   0,   0,  50,  11,  30,  33
10-Feb-2003 17:30:00,   0,   0,  60, 276,   0,   0,   0,   0,  50,  10,  30,  43
10-Feb-2003 17:40:04,   0,   0,  60, 274,   0,   0,   0,   0,  50,  16,  30,  53
10-Feb-2003 17:50:00,   0,   0,  60, 275,   0,   0,   0,   0,  50,  20,  30,  53
10-Feb-2003 18:00:01,   0,   0,  60, 277,   0,   0,   0,   0,  50,   8,  30,  42
10-Feb-2003 18:10:05,   0,   0,  60, 273,   0,   0,   0,   0,  50,  10,  30,  44
10-Feb-2003 18:20:01,   0,   0,  60, 274,   0,   0,   0,   0,  50,  10,  30,  40
10-Feb-2003 18:30:03,   0,   0,  60, 264,   0,   0,   0,   0,  50,  15,  30,  42
12-Feb-2003 08:40:03,   0,   0,  60,  70,   0,   0,   0,   0,  50,  35,  30, 122
13-Feb-2003 10:30:02,   0,   0,  60, 144,   0,   0,   0,   0,  50,  12,  30,  37
13-Feb-2003 10:40:00,   0,   0,  60, 283,   0,   0,   0,   0,  50,  13,  30,  36
13-Feb-2003 11:20:02,   0,   0,  60, 263,   0,   0,   0,   0,  50,  13,  30,  31
13-Feb-2003 11:30:00,   0,   0,  60, 292,   0,   0,   0,   0,  50,  27,  30,  56
13-Feb-2003 11:40:00,   0,   0,  60, 269,   0,   0,   0,   0,  50,  24,  30,  52
13-Feb-2003 11:50:05,   0,   0,  60, 296,   0,   0,   0,   0,  50,  17,  30,  45
13-Feb-2003 12:00:00,   0,   0,  60, 162,   0,   0,   0,   0,  50,  13,  30,  36
13-Feb-2003 12:10:03,   0,   0,  60, 264,   0,   0,   0,   0,  50,  46,  30,  88
13-Feb-2003 12:20:00,   0,   0,  60, 250,   0,   0,   0,   0,  50,  20,  30,  43
13-Feb-2003 12:30:01,   0,   0,  60, 268,   0,   0,   0,   0,  50,  11,  30,  38
13-Feb-2003 13:00:03,   0,   0,  60, 320,   0,   0,   0,   0,  50,  27,  30,  56
13-Feb-2003 13:10:00,   0,   0,  60, 215,   0,   0,   0,   0,  50,  21,  30,  44
13-Feb-2003 17:40:00,   0,   0,  60,  49,   0,   0,   0,   0,  50,  56,  30,  92
13-Feb-2003 18:30:00,   0,   0,  60,  68,   0,   0,   0,   0,  50, 102,  30, 157
17-Feb-2003 06:10:00,   0,   0,  60,  56,   0,   0,   0,   0,  50,  58,  30, 103
17-Feb-2003 08:40:00,   0,   0,  60, 158,   0,   0,   0,   0,  50,  19,  30,  53
17-Feb-2003 08:50:00,   0,   0,  60, 104,   0,   0,   0,   0,  50,  21,  30,  56
17-Feb-2003 09:00:05,   0,   0,  60,  76,   0,   0,   0,   0,  50,  11,  30,  44
17-Feb-2003 09:40:01,   0,   0,  60,  78,   0,   0,   0,   0,  50,  22,  30,  60
17-Feb-2003 09:50:05,   0,   0,  60,  64,   0,   0,   0,   0,  50,  22,  30,  60
17-Feb-2003 10:00:01,   0,   0,  60,  69,   0,   0,   0,   0,  50,  46,  30,  89
17-Feb-2003 10:10:03,   0,   0,  60,  65,   0,   0,   0,   0,  50,  18,  30,  60
17-Feb-2003 10:20:00,   0,   0,  60,  92,   0,   0,   0,   0,  50,  25,  30,  72
17-Feb-2003 10:30:01,   0,   0,  60,  61,   0,   0,   0,   0,  50,  32,  30,  78
17-Feb-2003 10:40:05,   0,   0,  60,  63,   0,   0,   0,   0,  50,  43,  30,  95
17-Feb-2003 11:20:01,   0,   0,  60, 135,   0,   0,   0,   0,  50,  26,  30,  73
17-Feb-2003 11:30:05,   0,   0,  60, 104,   0,   0,   0,   0,  50,  16,  30,  64
25-Feb-2003 11:20:03,   0,   0,  60,  60,   0,   0,   0,   0,  50,  69,  30, 118
27-Feb-2003 11:40:00,   0,   0,  60,  76,   0,   0,   0,   0,  50,  15,  30,  36
27-Feb-2003 11:50:04,   0,   0,  60,  71,   0,   0,   0,   0,  50,  22,  30,  43
01-Mar-2003 17:40:00,   0,   0,  60,  47,   0,   0,   0,   0,  50,  54,  30,  92
07-Mar-2003 16:50:03,   0,   0,  60,  57,   0,   0,   0,   0,  50,  72,  30, 116
11-Mar-2003 11:00:00,   0,   0,  60, 273,   0,   0,   0,   0,  50,  12,  30,  35
11-Mar-2003 11:10:04,   0,   0,  60, 274,   0,   0,   0,   0,  50,  51,  30,  87
11-Mar-2003 11:20:00,   0,   0,  60, 265,   0,   0,   0,   0,  50,  23,  30,  52
11-Mar-2003 11:30:02,   0,   0,  60, 256,   0,   0,   0,   0,  50,  40,  30,  76
11-Mar-2003 11:40:00,   0,   0,  60, 242,   0,   0,   0,   0,  50,  19,  30,  47
11-Mar-2003 11:50:00,   0,   0,  60, 220,   0,   0,   0,   0,  50,  12,  30,  36
11-Mar-2003 12:00:04,   0,   0,  60, 187,   0,   0,   0,   0,  50,  35,  30,  69
11-Mar-2003 12:10:00,   0,   0,  60, 141,   0,   0,   0,   0,  50,  42,  30,  79
11-Mar-2003 12:20:02,   0,   0,  60,  96,   0,   0,   0,   0,  50,  21,  30,  53
11-Mar-2003 12:30:00,   0,   0,  60,  62,   0,   0,   0,   0,  50,  19,  30,  46
11-Mar-2003 12:40:00,   0,   0,  60,  62,   0,   0,   0,   0,  50,  78,  30,  35
11-Mar-2003 12:50:06,   0,   0,  60,  69,   0,   0,   0,   0,  50,  71,  30,  60
11-Mar-2003 13:00:00,   0,   0,  60,  56,   0,   0,   0,   0,  50, 141,  30,  42
13-Mar-2003 11:30:03,   0,   0,  60,   1,   0,   0,   0,   0,  50,  68,  30, 107
13-Mar-2003 11:40:00,   0,   0,  60,   1,   0,   0,   0,   0,  50,  78,  30, 122
14-Mar-2003 12:10:04,   0,   0,  60,  75,   0,   0,   0,   0,  50,  22,  30,  50
18-Mar-2003 20:50:06,   0,   0,  60,  84,   0,   0,   0,   0,  50, 104,  30, 181
18-Mar-2003 21:00:00,   0,   0,  60,  54,   0,   0,   0,   0,  50,  67,  30, 114
19-Mar-2003 22:40:00,  90, 138,  90,  64,   0,   0, 300, 779,  90,  84,  90, 129
20-Mar-2003 19:50:00,  90, 100,  90,  46,   0,   0, 300, 692,  90,  58,  90,  95
21-Mar-2003 01:10:00,  90, 105,  90,  47,   0,   0, 300, 713,  90,  63,  90,  99
21-Mar-2003 09:10:02,  90, 111,  90,  50,   0,   0, 300, 742,  90,  72,  90,  99
21-Mar-2003 11:10:01,  90,  98,  90,  63,   0,   0, 300, 540,  90,  69,  90,  92
21-Mar-2003 18:00:00,  90, 112,  90,  51,   0,   0, 300, 759,  90,  69,  90, 105
22-Mar-2003 06:40:04,  90, 346,  90,  54,   0,   0, 300, 458,  90,  71,  90,  98
22-Mar-2003 07:10:00,  90, 338,  90, 162,   0,   0, 300, 435,  90,   6,  90,  14
22-Mar-2003 07:20:00,  90, 335,  90, 208,   0,   0, 300, 460,  90,   9,  90,  19
22-Mar-2003 07:30:06,  90, 330,  90, 207,   0,   0, 300, 455,  90,   7,  90,  15
22-Mar-2003 07:40:00,  90, 328,  90, 187,   0,   0, 300, 454,  90,  10,  90,  21
22-Mar-2003 07:50:03,  90, 337,  90, 172,   0,   0, 300, 443,  90,  12,  90,  24
22-Mar-2003 08:00:00,  90, 344,  90, 213,   0,   0, 300, 456,  90,   5,  90,  14
22-Mar-2003 08:10:01,  90, 344,  90, 235,   0,   0, 300, 468,  90,   5,  90,  11
22-Mar-2003 08:20:05,  90, 331,  90, 229,   0,   0, 300, 474,  90,  22,  90,  40
22-Mar-2003 08:30:01,  90, 331,  90, 243,   0,   0, 300, 468,  90,  24,  90,  39
22-Mar-2003 08:40:03,  90, 325,  90, 249,   0,   0, 300, 470,  90,   4,  90,  12
22-Mar-2003 08:50:00,  90, 325,  90, 260,   0,   0, 300, 483,  90,  13,  90,  26
22-Mar-2003 09:00:01,  90, 326,  90, 256,   0,   0, 300, 312,  90,   6,  90,  15
23-Mar-2003 07:10:00,  90, 324,  90,  46,   0,   0, 300, 600,  90,  57,  90,  93
23-Mar-2003 15:10:00,  90, 324,  90,  51,   0,   0, 300, 536,  90,  54,  90,  94
23-Mar-2003 16:00:00,  90, 323,  90,  50,   0,   0, 300, 815,  90,  61,  90,  96
24-Mar-2003 10:10:06,  90, 325,  90, 268,   0,   0, 300, 400,  90,  31,  90,  48
24-Mar-2003 10:20:00,  90, 323,  90, 228,   0,   0, 300, 384,  90,  21,  90,  39
25-Mar-2003 20:20:00,  90, 143,  90,  61,   0,   0, 300, 961,  90,  83,  90, 137
28-Mar-2003 17:10:01,  90, 129,  90,  70,   0,   0, 300, 664,  90,  94,  90, 129
29-Mar-2003 17:10:00,  90, 140,  90,  62,   0,   0, 300, 767,  90,  86,  90, 132
29-Mar-2003 23:40:04,  90,  94,  90,  54,   0,   0, 300, 674,  90,  59,  90, 101
30-Mar-2003 07:10:00,  90, 127,  90,  65,   0,   0, 300, 639,  90,  76,  90, 118
30-Mar-2003 11:50:00,  90, 100,  90,  55,   0,   0, 300, 585,  90,  66,  90,  98
30-Mar-2003 16:20:00,  90, 107,  90,  49,   0,   0, 300, 790,  90,  58,  90, 102
31-Mar-2003 04:00:04,  90, 113,  90,  77,   0,   0, 300, 838,  90,  68,  90, 109
31-Mar-2003 05:30:01,  90, 106,  90, 120,   0,   0, 300, 618,  90,  71,  90, 136
01-Apr-2003 13:10:02,  90,  97,  90,  49,   0,   0, 300, 848,  90,  58,  90,  92
02-Apr-2003 06:00:02,  90, 112,  90,  52,   0,   0, 300, 774,  90,  62,  90, 100
02-Apr-2003 13:10:00,  90, 104,  90,  50,   0,   0, 300, 720,  90,  57,  90,  96
02-Apr-2003 15:40:00,  90,  98,  90,  50,   0,   0, 300, 640,  90,  60,  90,  96
02-Apr-2003 20:30:00,  90, 138,  90,  60,   0,   0, 300, 949,  90,  74,  90, 125
03-Apr-2003 03:00:04,  90, 103,  90,  64,   0,   0, 300, 645,  90,  67,  90, 116
03-Apr-2003 12:10:00,  90, 131,  90,  79,   0,   0, 300, 831,  90,  80,  90, 139
03-Apr-2003 12:50:05,  90, 158,  90,  71,   0,   0, 300, 587,  90,  83,  90, 128
03-Apr-2003 16:40:00,  90, 112,  90,  60,   0,   0, 300, 608,  90,  68,  90, 119
03-Apr-2003 18:10:05,  90, 118,  90,  72,   0,   0, 300, 581,  90,  80,  90, 130
03-Apr-2003 20:10:02,  90, 172,  90,  89,   0,   0, 300, 863,  90, 113,  90, 178
04-Apr-2003 06:10:00,  90, 105,  90,  58,   0,   0, 300, 726,  90,  67,  90, 112
06-Apr-2003 11:50:01,  90,  97,  90,  50,   0,   0, 300, 712,  90, 235,  90,  92
06-Apr-2003 20:00:00,  90,  98,  90,  49,   0,   0, 300, 767,  90,  55,  90,  94
07-Apr-2003 11:30:00,  90,  94,  90,  48,   0,   0, 300, 862,  90,  55,  90,  91
07-Apr-2003 15:20:01,  90, 124,  90,  78,   0,   0, 300, 691,  90,  90,  90, 124
07-Apr-2003 19:00:00,  90, 103,  90,  51,   0,   0, 300, 881,  90,  58,  90,  97
08-Apr-2003 09:10:04,  90, 118,  90,  66,   0,   0, 300, 762,  90,  84,  90, 117